First Name,Height,Last Name,Position,Team
Ivica,7,Zubac,Center,lakers
Alex,6,Abrines,Guard,thunder
Quincy,6,Acy,Forward,nets
Steven,7,Adams,Center,thunder
Bam,6,Adebayo,Center-Forward,heat
Arron,6,Afflalo,Guard,magic
Alexis,7,Ajinca,Center,pelicans
Cole,6,Aldrich,Center,timberwolves
LaMarcus,6,Aldridge,Forward,spurs
Jarrett,6,Allen,Center,nets
Kadeem,6,Allen,Guard,celtics
Al-Farouq,6,Aminu,Forward,blazers
Justin,6,Anderson,Guard-Forward,sixers
Kyle,6,Anderson,Forward,spurs
Ryan,6,Anderson,Forward,rockets
Ike,6,Anigbogu,Center,pacers
Giannis,6,Antetokounmpo,Forward,bucks
Carmelo,6,Anthony,Forward,thunder
OG,6,Anunoby,Forward,raptors
Ryan,6,Arcidiacono,Guard,bulls
Trevor,6,Ariza,Forward-Guard,rockets
Darrell,6,Arthur,Forward,nuggets
Jamel,6,Artis,Guard,magic
Omer,7,Asik,Center,bulls
D.J.,6,Augustin,Guard,magic
Luke,6,Babbitt,Forward,heat
Dwayne,6,Bacon,Forward,hornets
Ron,6,Baker,Guard,knicks
Wade,6,Baldwin,Guard,blazers
Lonzo,6,Ball,Guard,lakers
J.J.,6,Barea,Guard,mavericks
Harrison,6,Barnes,Forward,mavericks
Will,6,Barton,Forward-Guard,nuggets
Nicolas,6,Batum,Guard-Forward,hornets
Jerryd,6,Bayless,Guard,sixers
Aron,6,Baynes,Center,celtics
Kent,6,Bazemore,Guard,hawks
Bradley,6,Beal,Guard,wizards
Malik,6,Beasley,Guard,nuggets
Michael,6,Beasley,Forward,knicks
Marco,6,Belinelli,Guard-Forward,sixers
Jordan,6,Bell,Center-Forward,warriors
'DeAndre''',6,Bembry,Forward-Guard,hawks
Dragan,7,Bender,Forward,suns
Davis,6,Bertans,Center-Forward,spurs
Patrick,6,Beverley,Guard,clippers
Khem,6,Birch,Center,magic
Jabari,6,Bird,Guard,celtics
Bismack,6,Biyombo,Center,magic
Nemanja,6,Bjelica,Forward,timberwolves
Tarik,6,Black,Forward-Center,rockets
Antonio,6,Blakeney,Guard,bulls
Eric,6,Bledsoe,Guard,bucks
Bogdan,6,Bogdanovic,Guard,kings
Bojan,6,Bogdanovic,Forward,pacers
Devin,6,Booker,Guard,suns
Trevor,6,Booker,Forward,pacers
Chris,6,Boucher,Forward,warriors
Avery,6,Bradley,Guard,clippers
Tony,6,Bradley,Center,jazz
Corey,6,Brewer,Guard-Forward,thunder
Malcolm,6,Brogdon,Guard,bucks
Aaron,6,Brooks,Guard,timberwolves
Dillon,6,Brooks,Forward-Guard,grizzlies
MarShon,6,Brooks,Guard-Forward,grizzlies
Anthony,6,Brown,Forward,timberwolves
Jaylen,6,Brown,Guard-Forward,celtics
Lorenzo,6,Brown,Guard,raptors
Markel,6,Brown,Guard,rockets
Sterling,6,Brown,Guard,bucks
Thomas,6,Bryant,Center,lakers
Reggie,6,Bullock,Guard-Forward,pistons
Trey,6,Burke,Guard,knicks
Alec,6,Burks,Guard,jazz
Jimmy,6,Butler,Guard,timberwolves
Dwight,6,Buycks,Guard,pistons
Bruno,6,Caboclo,Forward,kings
Jose,6,Calderon,Guard,cavaliers
Kentavious,6,Caldwell-Pope,Guard,lakers
Clint,6,Capela,Center,rockets
DeMarre,6,Carroll,Forward,nets
Michael,6,Carter-Williams,Guard,hornets
Vince,6,Carter,Guard-Forward,kings
Alex,6,Caruso,Guard,lakers
Willie,7,Cauley-Stein,Center,kings
Tyler,6,Cavanaugh,Forward,hawks
Mario,6,Chalmers,Guard,grizzlies
Tyson,7,Chandler,Center,suns
Wilson,6,Chandler,Forward,nuggets
Marquese,6,Chriss,Forward,suns
Ian,6,Clark,Guard,pelicans
Jordan,6,Clarkson,Guard,cavaliers
Antonius,6,Cleveland,Guard,hawks
John,6,Collins,Forward-Center,hawks
Kyle,6,Collinsworth,Guard,mavericks
Zach,7,Collins,Center-Forward,blazers
Darren,6,Collison,Guard,pacers
Nick,6,Collison,Forward,thunder
Mike,6,Conley,Guard,grizzlies
Pat,6,Connaughton,Guard-Forward,blazers
Charles,6,Cooke,Guard,pelicans
Quinn,6,Cook,Guard,warriors
Jack,6,Cooley,Center,kings
Matt,6,Costello,Forward-Center,spurs
DeMarcus,6,Cousins,Center,pelicans
Robert,6,Covington,Forward,sixers
Allen,6,Crabbe,Guard-Forward,nets
Torrey,6,Craig,Guard-Forward,nuggets
Jamal,6,Crawford,Guard,timberwolves
Jordan,6,Crawford,Guard,pelicans
Jae,6,Crowder,Forward,jazz
Dante,6,Cunningham,Forward,nets
Seth,6,Curry,Guard,mavericks
Stephen,6,Curry,Guard,warriors
Troy,6,Daniels,Guard,suns
Anthony,6,Davis,Forward-Center,pelicans
Deyonta,6,Davis,Center-Forward,grizzlies
Ed,6,Davis,Forward-Center,blazers
Dewayne,7,Dedmon,Center,hawks
Sam,6,Dekker,Forward,clippers
Malcolm,6,Delaney,Guard,hawks
Matthew,6,Dellavedova,Guard,bucks
Luol,6,Deng,Forward,lakers
DeMar,6,DeRozan,Guard,raptors
Cheick,6,Diallo,Forward,pelicans
Gorgui,6,Dieng,Center,timberwolves
Spencer,6,Dinwiddie,Guard,nets
Tyler,6,Dorsey,Guard,hawks
Damyean,6,Dotson,Guard,knicks
Milton,6,Doyle,Guard,nets
PJ,6,Dozier,Guard,thunder
Goran,6,Dragic,Guard,heat
Larry,6,Drew,Guard,pelicans
Andre,6,Drummond,Center,pistons
Jared,6,Dudley,Forward,suns
Kris,6,Dunn,Guard,bulls
Kevin,6,Durant,Forward,warriors
Jarell,6,Eddie,Guard-Forward,bulls
Henry,6,Ellenson,Forward,pistons
Wayne,6,Ellington,Guard,heat
Joel,7,Embiid,Center,sixers
James,6,Ennis,Forward,pistons
Tyler,6,Ennis,Guard,lakers
Jawun,6,Evans,Guard,clippers
Jeremy,6,Evans,Forward,hawks
Tyreke,6,Evans,Guard-Forward,grizzlies
Dante,6,Exum,Guard,jazz
Kenneth,6,Faried,Forward,nuggets
Derrick,6,Favors,Forward-Center,jazz
Kay,5,Felder,Guard,pistons
Cristiano,6,Felicio,Center-Forward,bulls
Raymond,6,Felton,Guard,thunder
Terrance,6,Ferguson,Guard,thunder
Yogi,6,Ferrell,Guard,mavericks
Dorian,6,Finney-Smith,Forward,mavericks
Bryn,6,Forbes,Guard,spurs
Evan,6,Fournier,Guard-Forward,magic
'De''Aaron',6,Fox,Guard,kings
Tim,6,Frazier,Guard,wizards
Channing,6,Frye,Forward,lakers
Markelle,6,Fultz,Guard,sixers
Danilo,6,Gallinari,Forward,clippers
Langston,6,Galloway,Guard,pistons
Marc,7,Gasol,Center,grizzlies
Pau,7,Gasol,Center,spurs
Rudy,6,Gay,Forward,spurs
Paul,6,George,Forward,thunder
Marcus,6,Georges-Hunt,Guard,timberwolves
Jonathan,6,Gibson,Guard,celtics
Taj,6,Gibson,Forward,timberwolves
Harry,6,Giles,Forward-Center,kings
Manu,6,Ginobili,Guard,spurs
Rudy,7,Gobert,Center,jazz
Aaron,6,Gordon,Forward,magic
Eric,6,Gordon,Guard,rockets
Marcin,6,Gortat,Center,wizards
Treveon,6,Graham,Guard-Forward,hornets
Jerami,6,Grant,Forward,thunder
Jerian,6,Grant,Guard,bulls
Danny,6,Green,Guard-Forward,spurs
Draymond,6,Green,Forward,warriors
Gerald,6,Green,Guard-Forward,rockets
JaMychal,6,Green,Forward,grizzlies
Jeff,6,Green,Forward,cavaliers
Blake,6,Griffin,Forward,pistons
Daniel,6,Hamilton,Guard,thunder
Tim,6,Hardaway,Forward-Guard,knicks
James,6,Harden,Guard,rockets
Maurice,6,Harkless,Forward,blazers
Montrezl,6,Harrell,Forward-Center,clippers
Devin,6,Harris,Guard,nuggets
Gary,6,Harris,Guard,nuggets
Joe,6,Harris,Forward-Guard,nets
Aaron,6,Harrison,Guard,mavericks
Andrew,6,Harrison,Guard,grizzlies
Shaquille,6,Harrison,Guard,suns
Tobias,6,Harris,Forward,clippers
Josh,6,Hart,Guard,lakers
Udonis,6,Haslem,Forward,heat
Nigel,6,Hayes,Forward,kings
Gordon,6,Hayward,Forward,celtics
Reggie,6,Hearn,Guard,pistons
Myke,6,Henry,Forward,grizzlies
John,6,Henson,Center,bucks
Juancho,6,Hernangomez,Forward,nuggets
Willy,6,Hernangomez,Center,hornets
Mario,6,Hezonja,Forward-Guard,magic
Isaiah,6,Hicks,Forward,knicks
Buddy,6,Hield,Guard,kings
George,6,Hill,Guard,cavaliers
Darrun,6,Hilliard,Guard,spurs
Solomon,6,Hill,Forward,pelicans
Jrue,6,Holiday,Guard,pelicans
Justin,6,Holiday,Guard,bulls
Rondae,6,Hollis-Jefferson,Forward,nets
Richaun,6,Holmes,Forward-Center,sixers
Rodney,6,Hood,Guard,cavaliers
Al,6,Horford,Forward-Center,celtics
Danuel,6,House,Forward-Guard,suns
Dwight,6,Howard,Center,hornets
Josh,6,Huestis,Guard,thunder
RJ,6,Hunter,Guard,rockets
Serge,6,Ibaka,Forward,raptors
Andre,6,Iguodala,Forward-Guard,warriors
Ersan,6,Ilyasova,Forward,sixers
Joe,6,Ingles,Forward,jazz
Andre,6,Ingram,Guard,lakers
Brandon,6,Ingram,Forward-Guard,lakers
Kyrie,6,Irving,Guard,celtics
Jonathan,6,Isaac,Forward,magic
Wes,6,Iwundu,Forward,magic
Jarrett,6,Jack,Guard,knicks
Aaron,6,Jackson,Guard,rockets
Demetrius,6,Jackson,Guard,sixers
Frank,6,Jackson,Guard,pelicans
Josh,6,Jackson,Guard-Forward,suns
Justin,6,Jackson,Forward,kings
Reggie,6,Jackson,Guard,pistons
LeBron,6,James,Forward-Guard,cavaliers
Al,6,Jefferson,Center,pacers
Amile,6,Jefferson,Forward,timberwolves
Richard,6,Jefferson,Forward,nuggets
Brandon,6,Jennings,Guard,bucks
Jonas,6,Jerebko,Forward,jazz
Amir,6,Johnson,Center-Forward,sixers
Dakari,7,Johnson,Center,thunder
James,6,Johnson,Forward,heat
Joe,6,Johnson,Guard-Forward,rockets
Omari,6,Johnson,Forward,grizzlies
Stanley,6,Johnson,Forward,pistons
Tyler,6,Johnson,Guard,heat
Wesley,6,Johnson,Forward,clippers
Nikola,6,Jokic,Center,nuggets
Derrick,6,Jones,Forward-Guard,heat
Damian,7,Jones,Center,warriors
Jalen,6,Jones,Forward,mavericks
Tyus,6,Jones,Guard,timberwolves
DeAndre,6,Jordan,Center,clippers
Cory,6,Joseph,Guard,pacers
Frank,7,Kaminsky,Forward-Center,hornets
Enes,6,Kanter,Center,knicks
Luke,6,Kennard,Guard,pistons
Michael,6,Kidd-Gilchrist,Forward,hornets
Sean,6,Kilpatrick,Guard,bulls
Maxi,6,Kleber,Forward,mavericks
Brandon,6,Knight,Guard,suns
Furkan,6,Korkmaz,Guard-Forward,sixers
Luke,7,Kornet,Forward-Center,knicks
Kyle,6,Korver,Guard,cavaliers
Kosta,7,Koufos,Center,kings
Kyle,6,Kuzma,Forward,lakers
Skal,6,Labissiere,Forward-Center,kings
Jeremy,6,Lamb,Guard,hornets
Shane,5,Larkin,Guard,celtics
Joffrey,6,Lauvergne,Center,spurs
Zach,6,LaVine,Guard,bulls
Ty,5,Lawson,Guard,wizards
Jake,6,Layman,Forward,blazers
TJ,6,Leaf,Forward,pacers
Courtney,6,Lee,Guard,knicks
Damion,6,Lee,Guard,hawks
Alex,7,Len,Center,suns
Kawhi,6,Leonard,Forward,spurs
Meyers,7,Leonard,Center,blazers
Jon,6,Leuer,Forward-Center,pistons
Caris,6,LeVert,Guard-Forward,nets
DeAndre,6,Liggins,Guard,pelicans
Damian,6,Lillard,Guard,blazers
Jeremy,6,Lin,Guard,nets
Shaun,6,Livingston,Guard,warriors
Kevon,6,Looney,Forward,warriors
Brook,7,Lopez,Center,lakers
Robin,7,Lopez,Center,bulls
Kevin,6,Love,Center-Forward,cavaliers
Kyle,6,Lowry,Guard,raptors
Timothe,6,Luwawu-Cabarrot,Guard-Forward,sixers
Tyler,6,Lydon,Forward,nuggets
Trey,6,Lyles,Forward,nuggets
Shelvin,6,Mack,Guard,magic
Josh,6,Magette,Guard,hawks
Ian,6,Mahinmi,Center,wizards
Thon,7,Maker,Center-Forward,bucks
Boban,7,Marjanovic,Center,clippers
Lauri,7,Markkanen,Forward,bulls
Jarell,6,Martin,Forward,grizzlies
Frank,5,Mason,Guard,kings
Mangok,6,Mathiang,Forward-Center,hornets
Wesley,6,Matthews,Guard-Forward,mavericks
Luc,6,Mbah,Forward,rockets
Patrick,6,McCaw,Guard,warriors
CJ,6,McCollum,Guard,blazers
T.J.,6,McConnell,Guard,sixers
Erik,6,McCree,Forward,jazz
Chris,6,McCullough,Forward,wizards
Doug,6,McDermott,Forward,mavericks
JaVale,7,McGee,Center,warriors
Rodney,6,McGruder,Guard-Forward,heat
Alfonzo,6,McKinnie,Forward,raptors
Ben,6,McLemore,Guard,grizzlies
Jodie,6,Meeks,Guard,wizards
Salah,7,Mejri,Center,mavericks
Jordan,6,Mickey,Center-Forward,heat
Khris,6,Middleton,Forward,bucks
CJ,6,Miles,Forward-Guard,raptors
Darius,6,Miller,Forward,pelicans
Malcolm,6,Miller,Forward,raptors
Paul,6,Millsap,Forward,nuggets
Patty,6,Mills,Guard,spurs
Nikola,6,Mirotic,Forward,pelicans
Donovan,6,Mitchell,Guard,jazz
Malik,6,Monk,Guard,hornets
Greg,6,Monroe,Center-Forward,celtics
Ben,6,Moore,Forward,pacers
'E''Twaun',6,Moore,Forward-Guard,pelicans
Eric,6,Moreland,Forward-Center,pistons
Jaylen,6,Morris,Guard,hawks
Marcus,6,Morris,Forward,celtics
Markieff,6,Morris,Forward,wizards
Monte,6,Morris,Guard,nuggets
Johnathan,6,Motley,Forward,mavericks
Timofey,7,Mozgov,Center,nets
Emmanuel,6,Mudiay,Guard,knicks
Shabazz,6,Muhammad,Guard-Forward,bucks
Xavier,6,Munford,Guard,bucks
Dejounte,6,Murray,Guard,spurs
Jamal,6,Murray,Guard,nuggets
Mike,6,Muscala,Forward-Center,hawks
Abdel,6,Nader,Forward,celtics
Larry,6,Nance,Forward,cavaliers
Shabazz,6,Napier,Guard,blazers
Jameer,6,Nelson,Guard,pistons
Nene,6,Nene,Center-Forward,rockets
Raul,6,Neto,Guard,jazz
Georges,6,Niang,Forward,jazz
Joakim,6,Noah,Center,knicks
Nerlens,6,Noel,Center,mavericks
Lucas,7,Nogueira,Center,raptors
Dirk,7,Nowitzki,Center-Forward,mavericks
Frank,6,Ntilikina,Guard,knicks
Jusuf,7,Nurkic,Center,blazers
David,6,Nwaba,Forward,bulls
Royce,6,'O''Neale',Forward,jazz
Kyle,6,'O''Quinn',Center-Forward,knicks
Semi,6,Ojeleye,Forward,celtics
Emeka,6,Okafor,Center,pelicans
Jahlil,6,Okafor,Center,nets
Victor,6,Oladipo,Guard,pacers
Kelly,7,Olynyk,Forward-Center,heat
Chinanu,6,Onuaku,Center,rockets
Cedi,6,Osman,Forward,cavaliers
Kelly,6,Oubre,Forward,wizards
Zaza,6,Pachulia,Center,warriors
Marcus,6,Paige,Guard,hornets
Georgios,7,Papagiannis,Center,blazers
Jabari,6,Parker,Forward,bucks
Tony,6,Parker,Guard,spurs
Chandler,6,Parsons,Forward,grizzlies
Patrick,6,Patterson,Forward,thunder
Justin,7,Patton,Center,timberwolves
Brandon,6,Paul,Guard,spurs
Chris,6,Paul,Guard,rockets
Cameron,6,Payne,Guard,bulls
Gary,6,Payton,Guard,lakers
Elfrid,6,Payton,Guard,suns
Kendrick,6,Perkins,Center,cavaliers
Alec,6,Peters,Forward,suns
Marshall,7,Plumlee,Center,bucks
Mason,6,Plumlee,Center-Forward,nuggets
Miles,6,Plumlee,Center,hawks
Jakob,7,Poeltl,Center,raptors
Otto,6,Porter,Forward,wizards
Bobby,6,Portis,Forward,bulls
Kristaps,7,Porzingis,Forward-Center,knicks
Dwight,6,Powell,Center-Forward,mavericks
Norman,6,Powell,Forward-Guard,raptors
Alex,6,Poythress,Forward,pacers
Taurean,6,Prince,Forward,hawks
Rodney,6,Purvis,Guard,magic
Zhou,7,Qi,Forward-Center,rockets
Ivan,6,Rabb,Forward,grizzlies
Julius,6,Randle,Forward-Center,lakers
Zach,6,Randolph,Forward,kings
JJ,6,Redick,Guard-Forward,sixers
Davon,6,Reed,Guard,suns
Josh,6,Richardson,Forward,heat
Malachi,6,Richardson,Guard,raptors
Austin,6,Rivers,Guard,clippers
Andre,6,Roberson,Guard,thunder
Glenn,6,Robinson,Guard-Forward,pacers
Devin,6,Robinson,Forward,wizards
Rajon,6,Rondo,Guard,pelicans
Derrick,6,Rose,Guard,timberwolves
Terrence,6,Ross,Guard-Forward,magic
Terry,6,Rozier,Guard,celtics
Ricky,6,Rubio,Guard,jazz
'D''Angelo',6,Russell,Guard,nets
Domantas,6,Sabonis,Center-Forward,pacers
JaKarr,6,Sampson,Forward,kings
Dario,6,Saric,Forward,sixers
Tomas,6,Satoransky,Guard-Forward,wizards
Dennis,6,Schroder,Guard,hawks
Mike,6,Scott,Forward,wizards
Thabo,6,Sefolosha,Forward,jazz
Wayne,6,Selden,Guard-Forward,grizzlies
Ramon,6,Sessions,Guard,wizards
Iman,6,Shumpert,Guard,kings
Pascal,6,Siakam,Forward,raptors
Xavier,6,Silas,Guard,celtics
Ben,6,Simmons,Guard-Forward,sixers
Jonathon,6,Simmons,Forward,magic
Kobi,6,Simmons,Guard,grizzlies
Kyle,6,Singler,Forward,thunder
Marcus,6,Smart,Guard,celtics
Dennis,6,Smith,Guard,mavericks
Ish,6,Smith,Guard,pistons
Jason,7,Smith,Forward-Center,wizards
JR,6,Smith,Guard-Forward,cavaliers
Tony,6,Snell,Guard,bucks
Marreese,6,Speights,Forward-Center,magic
Nik,6,Stauskas,Guard,nets
Lance,6,Stephenson,Guard,pacers
David,5,Stockton,Guard,jazz
Julyan,6,Stone,Guard,hornets
Edmond,6,Sumner,Guard,pacers
Caleb,6,Swanigan,Forward-Center,blazers
Jayson,6,Tatum,Forward,celtics
Isaiah,6,Taylor,Guard,hawks
Jeff,6,Teague,Guard,timberwolves
Marquis,6,Teague,Guard,grizzlies
Garrett,6,Temple,Forward-Guard,kings
Milos,6,Teodosic,Guard,clippers
Jason,6,Terry,Guard,bucks
Daniel,6,Theis,Forward-Center,celtics
Isaiah,5,Thomas,Guard,lakers
Lance,6,Thomas,Forward,knicks
Klay,6,Thompson,Guard,warriors
Tristan,6,Thompson,Center-Forward,cavaliers
Sindarius,6,Thornwell,Guard,clippers
Anthony,6,Tolliver,Forward,pistons
Karl-Anthony,7,Towns,Center,timberwolves
PJ,6,Tucker,Forward,rockets
Evan,6,Turner,Forward-Guard,blazers
Myles,6,Turner,Center,pacers
Ekpe,6,Udoh,Center-Forward,jazz
Tyler,5,Ulis,Guard,suns
Jonas,7,Valanciunas,Center,raptors
Denzel,6,Valentine,Forward,bulls
Fred,6,VanVleet,Guard,raptors
Noah,6,Vonleh,Forward,bulls
Nikola,7,Vucevic,Center,magic
Dwyane,6,Wade,Guard,heat
Dion,6,Waiters,Guard,heat
Kemba,6,Walker,Guard,hornets
Tyrone,6,Wallace,Guard,clippers
John,6,Wall,Guard,wizards
Derrick,6,Walton,Guard,heat
TJ,6,Warren,Forward,suns
Travis,6,Wear,Forward,lakers
James,6,Webb,Forward,nets
Briante,6,Weber,Guard,grizzlies
Russell,6,Westbrook,Guard,thunder
David,6,West,Forward,warriors
Andrew,6,White,Forward,hawks
Derrick,6,White,Guard,spurs
Isaiah,6,Whitehead,Guard,nets
Okaro,6,White,Forward,cavaliers
Hassan,7,Whiteside,Center,heat
Andrew,6,Wiggins,Forward,timberwolves
CJ,6,Wilcox,Guard,blazers
Alan,6,Williams,Forward-Center,suns
C.J.,6,Williams,Forward-Guard,clippers
Lou,6,Williams,Guard,clippers
Marvin,6,Williams,Forward,hornets
Troy,6,Williams,Forward,knicks
D.J.,6,Wilson,Forward,bucks
Justise,6,Winslow,Forward,heat
Delon,6,Wright,Guard,raptors
Guerschon,6,Yabusele,Forward,celtics
Joe,6,Young,Guard,pacers
Nick,6,Young,Guard-Forward,warriors
Thaddeus,6,Young,Forward,pacers
Cody,7,Zeller,Center-Forward,hornets
Tyler,7,Zeller,Center,bucks
Paul,6,Zipser,Forward,bulls
Ante,6,Zizic,Forward-Center,cavaliers
