Name,FTM,3P%,3PA,TOV,PF,REB,3PM,FG%,FGA,OREB,FT%,FTA,FGM,DREB,PTS,MIN,+/-,AST,STL,BLK,Date,Game,1st Qtr H,2nd Qtr H,3rd Qtr H,4th Qtr H,1st Qtr A,2nd Qtr A,3rd Qtr A,4th Qtr A,Total H,Total A,Ref1,Ref2,Ref3,W/L,Home,Away,Fantasy Score,Season_Year
Dario Saric,0,0,4,3,5,6,0,37.5,8,0,0,0,3,6,6,22:54,-4,1,0,0,16-Oct-18,1,21,21,24,21,21,26,30,28,105,87,"Foster""""","Garretson""""",Taylor,BOSTON,PHI,BOS,10.5,2019
Robert Covington,0,28.6,7,2,1,6,2,30,10,1,0,0,3,5,8,34:13:00,-11,0,1,2,16-Oct-18,1,21,21,24,21,21,26,30,28,105,87,"Foster""""","Garretson""""",Taylor,BOSTON,PHI,BOS,25,2019
Joel Embiid,4,25,4,5,3,10,1,42.9,21,2,80,5,9,8,23,36:49:00,-8,2,2,1,16-Oct-18,1,21,21,24,21,21,26,30,28,105,87,"Foster""""","Garretson""""",Taylor,BOSTON,PHI,BOS,38,2019
Markelle Fultz,1,0,0,3,1,3,0,28.6,7,0,50,2,2,3,5,24:20:00,-16,2,0,1,16-Oct-18,1,21,21,24,21,21,26,30,28,105,87,"Foster""""","Garretson""""",Taylor,BOSTON,PHI,BOS,10,2019
Ben Simmons,5,0,0,3,5,15,0,50,14,3,50,10,7,12,19,42:44:00,-8,8,2,4,16-Oct-18,1,21,21,24,21,21,26,30,28,105,87,"Foster""""","Garretson""""",Taylor,BOSTON,PHI,BOS,56,2019
Amir Johnson,3,0,0,0,1,3,0,100,1,0,75,4,1,3,5,11:11,-10,1,0,0,16-Oct-18,1,21,21,24,21,21,26,30,28,105,87,"Foster""""","Garretson""""",Taylor,BOSTON,PHI,BOS,6.5,2019
JJ Redick,0,25,8,0,1,2,2,41.2,17,0,0,0,7,2,16,29:46:00,-10,1,0,0,16-Oct-18,1,21,21,24,21,21,26,30,28,105,87,"Foster""""","Garretson""""",Taylor,BOSTON,PHI,BOS,23.5,2019
TJ McConnell,0,0,1,0,3,1,0,40,5,0,0,0,2,1,4,22:26,-11,3,0,0,16-Oct-18,1,21,21,24,21,21,26,30,28,105,87,"Foster""""","Garretson""""",Taylor,BOSTON,PHI,BOS,9.5,2019
Landry Shamet,1,0,2,0,0,1,0,0,4,0,50,2,0,1,1,12:43,-8,0,0,0,16-Oct-18,1,21,21,24,21,21,26,30,28,105,87,"Foster""""","Garretson""""",Taylor,BOSTON,PHI,BOS,1,2019
Jonah Bolden,0,0,0,0,0,0,0,0,0,0,0,0,0,0,0,1:27,-2,0,0,0,16-Oct-18,1,21,21,24,21,21,26,30,28,105,87,"Foster""""","Garretson""""",Taylor,BOSTON,PHI,BOS,0,2019
Furkan Korkmaz,0,0,0,0,0,0,0,0,0,0,0,0,0,0,0,1:27,-2,0,0,0,16-Oct-18,1,21,21,24,21,21,26,30,28,105,87,"Foster""""","Garretson""""",Taylor,BOSTON,PHI,BOS,0,2019
Demetrius Jackson,NA,NA,NA,NA,NA,NA,NA,DECISION,COACH'S,NA,NA,NA,,NA,NA,DNP,NA,NA,NA,NA,16-Oct-18,1,21,21,24,21,21,26,30,28,105,87,"Foster""""","Garretson""""",Taylor,BOSTON,PHI,BOS,NA,2019
Shake Milton,NA,NA,NA,NA,NA,NA,NA,DECISION,COACH'S,NA,NA,NA,,NA,NA,DNP,NA,NA,NA,NA,16-Oct-18,1,21,21,24,21,21,26,30,28,105,87,"Foster""""","Garretson""""",Taylor,BOSTON,PHI,BOS,NA,2019
Jayson Tatum,4,20,5,1,2,9,1,52.9,17,2,80,5,9,7,23,28:56:00,6,3,0,1,16-Oct-18,1,21,21,24,21,21,26,30,28,105,87,"Foster""""","Garretson""""",Taylor,BOSTON,PHI,BOS,36.5,2019
Gordon Hayward,1,33.3,3,0,1,5,1,33.3,12,2,50,2,4,3,10,24:37:00,10,0,0,4,16-Oct-18,1,21,21,24,21,21,26,30,28,105,87,"Foster""""","Garretson""""",Taylor,BOSTON,PHI,BOS,28,2019
Al Horford,1,0,1,3,1,4,0,57.1,7,0,100,1,4,4,9,29:57:00,9,2,4,0,16-Oct-18,1,21,21,24,21,21,26,30,28,105,87,"Foster""""","Garretson""""",Taylor,BOSTON,PHI,BOS,24,2019
Jaylen Brown,1,33.3,3,2,4,5,1,38.5,13,3,50,2,5,2,12,28:23:00,11,2,0,0,16-Oct-18,1,21,21,24,21,21,26,30,28,105,87,"Foster""""","Garretson""""",Taylor,BOSTON,PHI,BOS,19,2019
Kyrie Irving,2,12.5,8,3,1,4,1,14.3,14,0,100,2,2,4,7,29:00:00,9,7,0,0,16-Oct-18,1,21,21,24,21,21,26,30,28,105,87,"Foster""""","Garretson""""",Taylor,BOSTON,PHI,BOS,18.5,2019
Marcus Morris,0,28.6,7,1,5,10,2,58.3,12,2,0,0,7,8,16,20:30,3,0,0,2,16-Oct-18,1,21,21,24,21,21,26,30,28,105,87,"Foster""""","Garretson""""",Taylor,BOSTON,PHI,BOS,35,2019
Terry Rozier,0,50,2,1,0,8,1,50,10,0,0,0,5,8,11,26:31:00,22,1,1,0,16-Oct-18,1,21,21,24,21,21,26,30,28,105,87,"Foster""""","Garretson""""",Taylor,BOSTON,PHI,BOS,24.5,2019
Marcus Smart,1,50,4,2,2,3,2,50,4,0,50,2,2,3,7,25:00:00,3,3,0,0,16-Oct-18,1,21,21,24,21,21,26,30,28,105,87,"Foster""""","Garretson""""",Taylor,BOSTON,PHI,BOS,15.5,2019
Aron Baynes,0,50,4,1,3,4,2,42.9,7,3,0,0,3,1,8,19:14,8,3,0,0,16-Oct-18,1,21,21,24,21,21,26,30,28,105,87,"Foster""""","Garretson""""",Taylor,BOSTON,PHI,BOS,19.5,2019
Daniel Theis,0,0,0,0,1,1,0,0,0,0,0,0,0,1,0,4:08,3,0,0,0,16-Oct-18,1,21,21,24,21,21,26,30,28,105,87,"Foster""""","Garretson""""",Taylor,BOSTON,PHI,BOS,1,2019
Semi Ojeleye,0,0,0,0,0,1,0,0,0,0,0,0,0,1,0,1:27,2,0,0,0,16-Oct-18,1,21,21,24,21,21,26,30,28,105,87,"Foster""""","Garretson""""",Taylor,BOSTON,PHI,BOS,1,2019
Guerschon Yabusele,0,0,0,0,0,0,0,0,0,0,0,0,0,0,0,1:27,2,0,0,0,16-Oct-18,1,21,21,24,21,21,26,30,28,105,87,"Foster""""","Garretson""""",Taylor,BOSTON,PHI,BOS,0,2019
Brad Wanamaker,0,0,0,0,0,1,0,100,1,0,0,0,1,1,2,0:50,2,0,0,0,16-Oct-18,1,21,21,24,21,21,26,30,28,105,87,"Foster""""","Garretson""""",Taylor,BOSTON,PHI,BOS,3,2019
Paul George,5,33.3,12,5,3,2,4,39.1,23,0,62.5,8,9,2,27,37:24:00,-16,5,0,4,16-Oct-18,2,23,24,32,21,31,26,26,25,108,100,"Zarba""""","Forte""""",Petraitis,GOLDEN,OKC,GSW,46.5,2019
Patrick Patterson,2,25,4,1,0,5,1,22.2,9,3,66.7,3,2,2,7,18:54,3,0,1,1,16-Oct-18,2,23,24,32,21,31,26,26,25,108,100,"Zarba""""","Forte""""",Petraitis,GOLDEN,OKC,GSW,17,2019
Steven Adams,5,0,0,2,3,11,0,50,12,4,62.5,8,6,7,17,35:36:00,-6,4,0,2,16-Oct-18,2,23,24,32,21,31,26,26,25,108,100,"Zarba""""","Forte""""",Petraitis,GOLDEN,OKC,GSW,33,2019
Terrance Ferguson,0,0,2,1,3,4,0,0,2,2,0,0,0,2,0,26:30:00,0,1,0,0,16-Oct-18,2,23,24,32,21,31,26,26,25,108,100,"Zarba""""","Forte""""",Petraitis,GOLDEN,OKC,GSW,4.5,2019
Dennis Schroder,5,33.3,6,3,4,8,2,36.8,19,2,83.3,6,7,6,21,34:05:00,-7,6,1,3,16-Oct-18,2,23,24,32,21,31,26,26,25,108,100,"Zarba""""","Forte""""",Petraitis,GOLDEN,OKC,GSW,46,2019
Jerami Grant,2,25,4,0,1,2,1,28.6,7,2,50,4,2,0,7,29:06:00,-11,2,3,0,16-Oct-18,2,23,24,32,21,31,26,26,25,108,100,"Zarba""""","Forte""""",Petraitis,GOLDEN,OKC,GSW,21,2019
Alex Abrines,0,33.3,6,0,2,2,2,37.5,8,0,0,0,3,2,8,23:29,-5,0,0,0,16-Oct-18,2,23,24,32,21,31,26,26,25,108,100,"Zarba""""","Forte""""",Petraitis,GOLDEN,OKC,GSW,14,2019
Raymond Felton,4,0,3,2,0,3,0,20,5,0,80,5,1,3,6,13:55,-1,1,0,0,16-Oct-18,2,23,24,32,21,31,26,26,25,108,100,"Zarba""""","Forte""""",Petraitis,GOLDEN,OKC,GSW,4.5,2019
Nerlens Noel,1,0,0,0,3,7,0,50,2,3,50,2,1,4,3,12:24,-2,1,1,1,16-Oct-18,2,23,24,32,21,31,26,26,25,108,100,"Zarba""""","Forte""""",Petraitis,GOLDEN,OKC,GSW,16.5,2019
Hamidou Diallo,0,0,0,0,2,1,0,50,4,0,0,1,2,1,4,8:37,5,1,0,1,16-Oct-18,2,23,24,32,21,31,26,26,25,108,100,"Zarba""""","Forte""""",Petraitis,GOLDEN,OKC,GSW,9.5,2019
Deonte Burton,NA,NA,NA,NA,NA,NA,NA,DECISION,COACH'S,NA,NA,NA,,NA,NA,DNP,NA,NA,NA,NA,16-Oct-18,2,23,24,32,21,31,26,26,25,108,100,"Zarba""""","Forte""""",Petraitis,GOLDEN,OKC,GSW,NA,2019
Timothe LuwawuCabarrot,NA,NA,NA,NA,NA,NA,NA,DECISION,COACH'S,NA,NA,NA,,NA,NA,DNP,NA,NA,NA,NA,16-Oct-18,2,23,24,32,21,31,26,26,25,108,100,"Zarba""""","Forte""""",Petraitis,GOLDEN,OKC,GSW,NA,2019
Abdel Nader,NA,NA,NA,NA,NA,NA,NA,DECISION,COACH'S,NA,NA,NA,,NA,NA,DNP,NA,NA,NA,NA,16-Oct-18,2,23,24,32,21,31,26,26,25,108,100,"Zarba""""","Forte""""",Petraitis,GOLDEN,OKC,GSW,NA,2019
Kevin Durant,9,0,5,3,4,8,0,42.9,21,1,90,10,9,7,27,37:43:00,14,6,1,1,16-Oct-18,2,23,24,32,21,31,26,26,25,108,100,"Zarba""""","Forte""""",Petraitis,GOLDEN,OKC,GSW,38,2019
Draymond Green,0,0,1,6,3,13,0,16.7,6,1,0,0,1,12,2,32:45:00,2,5,0,3,16-Oct-18,2,23,24,32,21,31,26,26,25,108,100,"Zarba""""","Forte""""",Petraitis,GOLDEN,OKC,GSW,25.5,2019
Damian Jones,0,0,0,2,4,3,0,85.7,7,2,0,0,6,1,12,26:33:00,-1,2,3,0,16-Oct-18,2,23,24,32,21,31,26,26,25,108,100,"Zarba""""","Forte""""",Petraitis,GOLDEN,OKC,GSW,25,2019
Klay Thompson,3,12.5,8,2,3,4,1,25,20,1,100,3,5,3,14,34:59:00,2,0,0,0,16-Oct-18,2,23,24,32,21,31,26,26,25,108,100,"Zarba""""","Forte""""",Petraitis,GOLDEN,OKC,GSW,15,2019
Stephen Curry,5,55.6,9,3,4,8,5,55,20,0,100,5,11,8,32,36:37:00,15,9,0,1,16-Oct-18,2,23,24,32,21,31,26,26,25,108,100,"Zarba""""","Forte""""",Petraitis,GOLDEN,OKC,GSW,58.5,2019
Kevon Looney,0,0,0,1,4,10,0,45.5,11,8,0,0,5,2,10,18:04,23,2,2,1,16-Oct-18,2,23,24,32,21,31,26,26,25,108,100,"Zarba""""","Forte""""",Petraitis,GOLDEN,OKC,GSW,31,2019
Andre Iguodala,0,0,1,0,0,2,0,50,2,0,0,0,1,2,2,10:23,2,2,0,0,16-Oct-18,2,23,24,32,21,31,26,26,25,108,100,"Zarba""""","Forte""""",Petraitis,GOLDEN,OKC,GSW,7,2019
Quinn Cook,0,100,1,2,2,2,1,50,2,1,0,0,1,1,3,13:12,-7,1,0,0,16-Oct-18,2,23,24,32,21,31,26,26,25,108,100,"Zarba""""","Forte""""",Petraitis,GOLDEN,OKC,GSW,6.5,2019
Shaun Livingston,0,0,0,1,2,3,0,60,5,2,0,0,3,1,6,14:34,-3,1,0,1,16-Oct-18,2,23,24,32,21,31,26,26,25,108,100,"Zarba""""","Forte""""",Petraitis,GOLDEN,OKC,GSW,12.5,2019
Jordan Bell,0,0,0,0,1,2,0,0,0,1,0,0,0,1,0,6:39,-6,0,1,0,16-Oct-18,2,23,24,32,21,31,26,26,25,108,100,"Zarba""""","Forte""""",Petraitis,GOLDEN,OKC,GSW,5,2019
Alfonzo McKinnie,0,0,1,0,0,0,0,0,1,0,0,0,0,0,0,2:21,-1,0,0,0,16-Oct-18,2,23,24,32,21,31,26,26,25,108,100,"Zarba""""","Forte""""",Petraitis,GOLDEN,OKC,GSW,0,2019
Jonas Jerebko,0,0,0,1,2,3,0,0,0,0,0,0,0,3,0,6:10,0,0,0,0,16-Oct-18,2,23,24,32,21,31,26,26,25,108,100,"Zarba""""","Forte""""",Petraitis,GOLDEN,OKC,GSW,2,2019
Jacob Evans,NA,NA,NA,NA,NA,NA,NA,DECISION,COACH'S,NA,NA,NA,,NA,NA,DNP,NA,NA,NA,NA,16-Oct-18,2,23,24,32,21,31,26,26,25,108,100,"Zarba""""","Forte""""",Petraitis,GOLDEN,OKC,GSW,NA,2019
Khris Middleton,2,50,6,2,3,9,3,50,14,1,100,2,7,8,19,32:46:00,2,4,1,2,17-Oct-18,3,36,31,26,20,23,31,29,29,112,113,"Corbin""""","Foster""""",Richardson,MILWAUKEE,MIL,CHA,45,2019
Giannis Antetokounmpo,7,0,3,8,5,18,0,42.9,21,3,58.3,12,9,15,25,34:46:00,11,8,1,0,17-Oct-18,3,36,31,26,20,23,31,29,29,112,113,"Corbin""""","Foster""""",Richardson,MILWAUKEE,MIL,CHA,43,2019
Brook Lopez,4,40,5,2,3,3,2,57.1,7,0,100,4,4,3,14,21:27,8,1,0,1,17-Oct-18,3,36,31,26,20,23,31,29,29,112,113,"Corbin""""","Foster""""",Richardson,MILWAUKEE,MIL,CHA,19.5,2019
Malcolm Brogdon,0,33.3,6,4,3,3,2,44.4,9,0,0,0,4,3,10,38:00:00,1,6,0,1,17-Oct-18,3,36,31,26,20,23,31,29,29,112,113,"Corbin""""","Foster""""",Richardson,MILWAUKEE,MIL,CHA,25,2019
Eric Bledsoe,0,60,5,2,4,4,3,53.8,13,2,0,0,7,2,17,33:32:00,4,3,1,0,17-Oct-18,3,36,31,26,20,23,31,29,29,112,113,"Corbin""""","Foster""""",Richardson,MILWAUKEE,MIL,CHA,32.5,2019
Donte DiVincenzo,0,50,4,1,0,2,2,50,6,1,0,0,3,1,8,22:05,-9,1,0,1,17-Oct-18,3,36,31,26,20,23,31,29,29,112,113,"Corbin""""","Foster""""",Richardson,MILWAUKEE,MIL,CHA,17.5,2019
Ersan Ilyasova,0,33.3,3,0,6,9,1,66.7,9,1,0,0,6,8,13,28:59:00,-10,2,0,0,17-Oct-18,3,36,31,26,20,23,31,29,29,112,113,"Corbin""""","Foster""""",Richardson,MILWAUKEE,MIL,CHA,27,2019
John Henson,2,0,0,2,1,6,0,33.3,3,2,100,2,1,4,4,12:01,2,0,1,0,17-Oct-18,3,36,31,26,20,23,31,29,29,112,113,"Corbin""""","Foster""""",Richardson,MILWAUKEE,MIL,CHA,9,2019
Tony Snell,0,0,1,0,0,2,0,0,2,1,0,0,0,1,0,11:20,1,1,0,0,17-Oct-18,3,36,31,26,20,23,31,29,29,112,113,"Corbin""""","Foster""""",Richardson,MILWAUKEE,MIL,CHA,3.5,2019
Christian Wood,0,100,1,0,0,1,1,100,1,0,0,0,1,1,3,4:57,-3,0,0,0,17-Oct-18,3,36,31,26,20,23,31,29,29,112,113,"Corbin""""","Foster""""",Richardson,MILWAUKEE,MIL,CHA,6,2019
Sterling Brown,0,0,0,0,0,0,0,0,0,0,0,0,0,0,0,0:07,-2,0,0,0,17-Oct-18,3,36,31,26,20,23,31,29,29,112,113,"Corbin""""","Foster""""",Richardson,MILWAUKEE,MIL,CHA,0,2019
Pat Connaughton,NA,NA,NA,NA,NA,NA,NA,DECISION,COACH'S,NA,NA,NA,,NA,NA,DNP,NA,NA,NA,NA,17-Oct-18,3,36,31,26,20,23,31,29,29,112,113,"Corbin""""","Foster""""",Richardson,MILWAUKEE,MIL,CHA,NA,2019
Matthew Dellavedova,NA,NA,NA,NA,NA,NA,NA,DECISION,COACH'S,NA,NA,NA,,NA,NA,DNP,NA,NA,NA,NA,17-Oct-18,3,36,31,26,20,23,31,29,29,112,113,"Corbin""""","Foster""""",Richardson,MILWAUKEE,MIL,CHA,NA,2019
Nicolas Batum,0,25,4,2,1,7,1,25,8,1,0,0,2,6,5,31:49:00,-4,3,2,2,17-Oct-18,3,36,31,26,20,23,31,29,29,112,113,"Corbin""""","Foster""""",Richardson,MILWAUKEE,MIL,CHA,28.5,2019
Marvin Williams,0,16.7,6,1,2,9,1,28.6,7,1,0,2,2,8,5,25:51:00,-4,1,4,0,17-Oct-18,3,36,31,26,20,23,31,29,29,112,113,"Corbin""""","Foster""""",Richardson,MILWAUKEE,MIL,CHA,28.5,2019
Cody Zeller,2,100,1,0,3,3,1,100,1,0,100,2,1,3,5,21:06,-11,1,0,1,17-Oct-18,3,36,31,26,20,23,31,29,29,112,113,"Corbin""""","Foster""""",Richardson,MILWAUKEE,MIL,CHA,12.5,2019
Jeremy Lamb,0,50,4,0,2,2,2,36.4,11,2,0,0,4,0,10,20:48,-6,1,0,1,17-Oct-18,3,36,31,26,20,23,31,29,29,112,113,"Corbin""""","Foster""""",Richardson,MILWAUKEE,MIL,CHA,20.5,2019
Kemba Walker,4,53.8,13,3,0,2,7,51.7,29,1,80,5,15,1,41,38:39:00,-1,4,0,2,17-Oct-18,3,36,31,26,20,23,31,29,29,112,113,"Corbin""""","Foster""""",Richardson,MILWAUKEE,MIL,CHA,62,2019
Willy Hernangomez,3,0,1,1,3,5,0,60,5,1,60,5,3,4,9,12:16,2,0,0,1,17-Oct-18,3,36,31,26,20,23,31,29,29,112,113,"Corbin""""","Foster""""",Richardson,MILWAUKEE,MIL,CHA,13,2019
Michael KiddGilchrist,4,0,0,1,3,6,0,50,6,3,66.7,6,3,3,10,21:40,3,1,1,0,17-Oct-18,3,36,31,26,20,23,31,29,29,112,113,"Corbin""""","Foster""""",Richardson,MILWAUKEE,MIL,CHA,15.5,2019
Malik Monk,0,50,8,0,1,4,4,43.8,16,0,0,0,7,4,18,33:34:00,5,2,2,1,17-Oct-18,3,36,31,26,20,23,31,29,29,112,113,"Corbin""""","Foster""""",Richardson,MILWAUKEE,MIL,CHA,42,2019
Miles Bridges,1,0,1,1,2,0,0,0,1,0,50,2,0,0,1,14:30,6,1,0,0,17-Oct-18,3,36,31,26,20,23,31,29,29,112,113,"Corbin""""","Foster""""",Richardson,MILWAUKEE,MIL,CHA,0.5,2019
Tony Parker,0,0,0,2,2,3,0,50,8,0,0,0,4,3,8,19:48,5,7,0,0,17-Oct-18,3,36,31,26,20,23,31,29,29,112,113,"Corbin""""","Foster""""",Richardson,MILWAUKEE,MIL,CHA,19.5,2019
Dwayne Bacon,NA,NA,NA,NA,NA,NA,NA,DECISION,COACH'S,NA,NA,NA,,NA,NA,DNP,NA,NA,NA,NA,17-Oct-18,3,36,31,26,20,23,31,29,29,112,113,"Corbin""""","Foster""""",Richardson,MILWAUKEE,MIL,CHA,NA,2019
Bismack Biyombo,NA,NA,NA,NA,NA,NA,NA,DECISION,COACH'S,NA,NA,NA,,NA,NA,DNP,NA,NA,NA,NA,17-Oct-18,3,36,31,26,20,23,31,29,29,112,113,"Corbin""""","Foster""""",Richardson,MILWAUKEE,MIL,CHA,NA,2019
Frank Kaminsky,NA,NA,NA,NA,NA,NA,NA,DECISION,COACH'S,NA,NA,NA,,NA,NA,DNP,NA,NA,NA,NA,17-Oct-18,3,36,31,26,20,23,31,29,29,112,113,"Corbin""""","Foster""""",Richardson,MILWAUKEE,MIL,CHA,NA,2019
Joe Harris,0,14.3,7,2,2,6,1,42.9,14,0,0,0,6,6,13,37:08:00,-2,5,0,1,17-Oct-18,4,29,22,25,24,24,27,32,20,103,100,"Mott""""","Dalen""""",Lane,DETROIT,BKN,DET,29.5,2019
Jared Dudley,1,0,4,0,5,3,0,0,5,2,50,2,0,1,1,35:51:00,-8,3,0,3,17-Oct-18,4,29,22,25,24,24,27,32,20,103,100,"Mott""""","Dalen""""",Lane,DETROIT,BKN,DET,16.5,2019
Jarrett Allen,3,66.7,3,2,4,10,2,60,10,2,75,4,6,8,17,30:10:00,-9,0,4,0,17-Oct-18,4,29,22,25,24,24,27,32,20,103,100,"Mott""""","Dalen""""",Lane,DETROIT,BKN,DET,38,2019
Caris LeVert,7,0,2,3,2,4,0,55.6,18,1,87.5,8,10,3,27,33:60,-10,4,1,1,17-Oct-18,4,29,22,25,24,24,27,32,20,103,100,"Mott""""","Dalen""""",Lane,DETROIT,BKN,DET,33,2019
DAngelo Russell,1,25,4,2,1,2,1,33.3,9,0,50,2,3,2,8,24:57:00,-9,5,0,1,17-Oct-18,4,29,22,25,24,24,27,32,20,103,100,"Mott""""","Dalen""""",Lane,DETROIT,BKN,DET,19.5,2019
Spencer Dinwiddie,3,0,3,4,1,4,0,55.6,18,0,60,5,10,4,23,32:17:00,6,6,0,1,17-Oct-18,4,29,22,25,24,24,27,32,20,103,100,"Mott""""","Dalen""""",Lane,DETROIT,BKN,DET,32,2019
Treveon Graham,0,0,2,1,4,2,0,0,2,0,0,0,0,2,0,17:25,6,1,0,1,17-Oct-18,4,29,22,25,24,24,27,32,20,103,100,"Mott""""","Dalen""""",Lane,DETROIT,BKN,DET,5.5,2019
Ed Davis,0,0,0,2,2,7,0,100,4,0,0,1,4,7,8,17:36,8,3,0,1,17-Oct-18,4,29,22,25,24,24,27,32,20,103,100,"Mott""""","Dalen""""",Lane,DETROIT,BKN,DET,20.5,2019
Rodions Kurucs,0,50,2,1,2,1,1,50,2,0,0,0,1,1,3,10:36,3,1,0,0,17-Oct-18,4,29,22,25,24,24,27,32,20,103,100,"Mott""""","Dalen""""",Lane,DETROIT,BKN,DET,6.5,2019
Kenneth Faried,NA,NA,NA,NA,NA,NA,NA,DECISION,COACH'S,NA,NA,NA,,NA,NA,DNP,NA,NA,NA,NA,17-Oct-18,4,29,22,25,24,24,27,32,20,103,100,"Mott""""","Dalen""""",Lane,DETROIT,BKN,DET,NA,2019
Dzanan Musa,NA,NA,NA,NA,NA,NA,NA,DECISION,COACH'S,NA,NA,NA,,NA,NA,DNP,NA,NA,NA,NA,17-Oct-18,4,29,22,25,24,24,27,32,20,103,100,"Mott""""","Dalen""""",Lane,DETROIT,BKN,DET,NA,2019
Theo Pinson,NA,NA,NA,NA,NA,NA,NA,DECISION,COACH'S,NA,NA,NA,,NA,NA,DNP,NA,NA,NA,NA,17-Oct-18,4,29,22,25,24,24,27,32,20,103,100,"Mott""""","Dalen""""",Lane,DETROIT,BKN,DET,NA,2019
Luke Kennard,0,100,1,1,1,4,1,60,5,0,0,0,3,4,7,19:21,-1,0,1,0,17-Oct-18,4,29,22,25,24,24,27,32,20,103,100,"Mott""""","Dalen""""",Lane,DETROIT,BKN,DET,15,2019
Blake Griffin,9,100,1,1,0,8,1,47.1,17,2,81.8,11,8,6,26,34:17:00,8,6,0,0,17-Oct-18,4,29,22,25,24,24,27,32,20,103,100,"Mott""""","Dalen""""",Lane,DETROIT,BKN,DET,35,2019
Andre Drummond,3,33.3,3,4,5,20,1,47.6,21,9,75,4,10,11,24,32:11:00,-9,2,1,0,17-Oct-18,4,29,22,25,24,24,27,32,20,103,100,"Mott""""","Dalen""""",Lane,DETROIT,BKN,DET,45,2019
Bruce Brown,0,0,2,1,4,2,0,0,3,0,0,0,0,2,0,18:52,6,1,1,0,17-Oct-18,4,29,22,25,24,24,27,32,20,103,100,"Mott""""","Dalen""""",Lane,DETROIT,BKN,DET,5.5,2019
Reggie Jackson,3,22.2,9,2,1,2,2,35,20,1,100,3,7,1,19,35:01:00,3,4,0,1,17-Oct-18,4,29,22,25,24,24,27,32,20,103,100,"Mott""""","Dalen""""",Lane,DETROIT,BKN,DET,29,2019
Langston Galloway,2,0,3,0,0,3,0,40,5,0,100,2,2,3,6,33:00:00,-5,1,0,0,17-Oct-18,4,29,22,25,24,24,27,32,20,103,100,"Mott""""","Dalen""""",Lane,DETROIT,BKN,DET,8.5,2019
Glenn Robinson,0,0,1,1,0,0,0,66.7,3,0,0,0,2,0,4,20:04,0,0,1,1,17-Oct-18,4,29,22,25,24,24,27,32,20,103,100,"Mott""""","Dalen""""",Lane,DETROIT,BKN,DET,9,2019
Ish Smith,0,33.3,3,1,4,0,1,45.5,11,0,0,0,5,0,11,28:46:00,4,3,0,0,17-Oct-18,4,29,22,25,24,24,27,32,20,103,100,"Mott""""","Dalen""""",Lane,DETROIT,BKN,DET,16.5,2019
Zaza Pachulia,2,0,0,2,5,7,0,33.3,6,2,100,2,2,5,6,14:43,9,4,1,2,17-Oct-18,4,29,22,25,24,24,27,32,20,103,100,"Mott""""","Dalen""""",Lane,DETROIT,BKN,DET,24,2019
Zach Lofton,0,0,1,1,0,0,0,0,1,0,0,0,0,0,0,3:45,0,0,0,1,17-Oct-18,4,29,22,25,24,24,27,32,20,103,100,"Mott""""","Dalen""""",Lane,DETROIT,BKN,DET,2,2019
Reggie Bullock,NA,NA,NA,NA,NA,NA,NA,DECISION,COACH'S,NA,NA,NA,,NA,NA,DNP,NA,NA,NA,NA,17-Oct-18,4,29,22,25,24,24,27,32,20,103,100,"Mott""""","Dalen""""",Lane,DETROIT,BKN,DET,NA,2019
Jose Calderon,NA,NA,NA,NA,NA,NA,NA,DECISION,COACH'S,NA,NA,NA,,NA,NA,DNP,NA,NA,NA,NA,17-Oct-18,4,29,22,25,24,24,27,32,20,103,100,"Mott""""","Dalen""""",Lane,DETROIT,BKN,DET,NA,2019
Henry Ellenson,NA,NA,NA,NA,NA,NA,NA,DECISION,COACH'S,NA,NA,NA,,NA,NA,DNP,NA,NA,NA,NA,17-Oct-18,4,29,22,25,24,24,27,32,20,103,100,"Mott""""","Dalen""""",Lane,DETROIT,BKN,DET,NA,2019
Stanley Johnson,NA,NA,NA,NA,NA,NA,NA,DECISION,COACH'S,NA,NA,NA,,NA,NA,DNP,NA,NA,NA,NA,17-Oct-18,4,29,22,25,24,24,27,32,20,103,100,"Mott""""","Dalen""""",Lane,DETROIT,BKN,DET,NA,2019
Jon Leuer,NA,NA,NA,NA,NA,NA,NA,DECISION,COACH'S,NA,NA,NA,,NA,NA,DNP,NA,NA,NA,NA,17-Oct-18,4,29,22,25,24,24,27,32,20,103,100,"Mott""""","Dalen""""",Lane,DETROIT,BKN,DET,NA,2019
Chandler Parsons,0,0,5,0,3,1,0,33.3,9,0,0,0,3,1,6,22:33,-19,0,1,1,17-Oct-18,5,16,23,19,25,27,29,20,35,111,83,"Brothers""""","Taylor""""",Van,INDIANA,MEM,IND,13,2019
JaMychal Green,0,50,2,1,2,7,1,57.1,7,2,0,0,4,5,9,24:59:00,-29,2,0,2,17-Oct-18,5,16,23,19,25,27,29,20,35,111,83,"Brothers""""","Taylor""""",Van,INDIANA,MEM,IND,26,2019
Marc Gasol,7,66.7,3,0,0,6,2,18.2,11,1,87.5,8,2,5,13,30:11:00,-8,3,0,3,17-Oct-18,5,16,23,19,25,27,29,20,35,111,83,"Brothers""""","Taylor""""",Van,INDIANA,MEM,IND,29.5,2019
Garrett Temple,0,50,8,1,4,0,4,30.8,13,0,0,0,4,0,12,24:30:00,-6,2,1,0,17-Oct-18,5,16,23,19,25,27,29,20,35,111,83,"Brothers""""","Taylor""""",Van,INDIANA,MEM,IND,25,2019
Mike Conley,3,40,5,1,1,2,2,27.3,11,1,100,3,3,1,11,28:58:00,-11,3,0,1,17-Oct-18,5,16,23,19,25,27,29,20,35,111,83,"Brothers""""","Taylor""""",Van,INDIANA,MEM,IND,20.5,2019
Kyle Anderson,1,0,0,2,2,2,0,33.3,6,0,50,2,2,2,5,19:15,-11,1,0,0,17-Oct-18,5,16,23,19,25,27,29,20,35,111,83,"Brothers""""","Taylor""""",Van,INDIANA,MEM,IND,5.5,2019
Jaren Jackson,6,0,1,0,2,5,0,33.3,6,2,100,6,2,3,10,25:18:00,-21,1,1,3,17-Oct-18,5,16,23,19,25,27,29,20,35,111,83,"Brothers""""","Taylor""""",Van,INDIANA,MEM,IND,22.5,2019
Shelvin Mack,1,0,1,1,3,3,0,12.5,8,1,50,2,1,2,3,29:55:00,-20,3,0,1,17-Oct-18,5,16,23,19,25,27,29,20,35,111,83,"Brothers""""","Taylor""""",Van,INDIANA,MEM,IND,11.5,2019
Dillon Brooks,0,0,0,1,1,0,0,0,1,0,0,0,0,0,0,6:17,-9,0,0,0,17-Oct-18,5,16,23,19,25,27,29,20,35,111,83,"Brothers""""","Taylor""""",Van,INDIANA,MEM,IND,-1,2019
MarShon Brooks,5,0,3,0,0,2,0,22.2,9,0,71.4,7,2,2,9,22:04,-7,1,0,0,17-Oct-18,5,16,23,19,25,27,29,20,35,111,83,"Brothers""""","Taylor""""",Van,INDIANA,MEM,IND,7.5,2019
Wayne Selden,0,100,1,0,0,0,1,66.7,3,0,0,0,2,0,5,6:00,1,0,0,0,17-Oct-18,5,16,23,19,25,27,29,20,35,111,83,"Brothers""""","Taylor""""",Van,INDIANA,MEM,IND,7,2019
Omri Casspi,NA,NA,NA,NA,NA,NA,NA,DECISION,COACH'S,NA,NA,NA,,NA,NA,DNP,NA,NA,NA,NA,17-Oct-18,5,16,23,19,25,27,29,20,35,111,83,"Brothers""""","Taylor""""",Van,INDIANA,MEM,IND,NA,2019
Ivan Rabb,NA,NA,NA,NA,NA,NA,NA,DECISION,COACH'S,NA,NA,NA,,NA,NA,DNP,NA,NA,NA,NA,17-Oct-18,5,16,23,19,25,27,29,20,35,111,83,"Brothers""""","Taylor""""",Van,INDIANA,MEM,IND,NA,2019
Bojan Bogdanovic,2,100,3,3,0,6,3,77.8,9,0,100,2,7,6,19,27:06:00,8,0,0,0,17-Oct-18,5,16,23,19,25,27,29,20,35,111,83,"Brothers""""","Taylor""""",Van,INDIANA,MEM,IND,26,2019
Thaddeus Young,0,0,1,3,2,8,0,71.4,7,3,0,1,5,5,10,27:43:00,23,3,1,0,17-Oct-18,5,16,23,19,25,27,29,20,35,111,83,"Brothers""""","Taylor""""",Van,INDIANA,MEM,IND,22.5,2019
Myles Turner,0,0,0,1,3,8,0,50,8,3,0,0,4,5,8,20:22,7,1,4,0,17-Oct-18,5,16,23,19,25,27,29,20,35,111,83,"Brothers""""","Taylor""""",Van,INDIANA,MEM,IND,28.5,2019
Victor Oladipo,1,50,6,3,3,5,3,54.5,11,0,50,2,6,5,16,25:47:00,9,5,0,0,17-Oct-18,5,16,23,19,25,27,29,20,35,111,83,"Brothers""""","Taylor""""",Van,INDIANA,MEM,IND,30.5,2019
Darren Collison,0,0,1,3,4,1,0,0,5,0,0,0,0,1,0,21:29,-1,5,0,0,17-Oct-18,5,16,23,19,25,27,29,20,35,111,83,"Brothers""""","Taylor""""",Van,INDIANA,MEM,IND,5.5,2019
Domantas Sabonis,0,0,0,3,3,15,0,63.6,11,6,0,2,7,9,14,28:33:00,26,2,0,0,17-Oct-18,5,16,23,19,25,27,29,20,35,111,83,"Brothers""""","Taylor""""",Van,INDIANA,MEM,IND,29,2019
Tyreke Evans,1,20,5,1,1,4,1,50,12,0,50,2,6,4,14,23:34,23,6,0,0,17-Oct-18,5,16,23,19,25,27,29,20,35,111,83,"Brothers""""","Taylor""""",Van,INDIANA,MEM,IND,27,2019
Cory Joseph,0,50,2,2,3,6,1,71.4,7,0,0,0,5,6,11,28:17:00,28,3,2,1,17-Oct-18,5,16,23,19,25,27,29,20,35,111,83,"Brothers""""","Taylor""""",Van,INDIANA,MEM,IND,30.5,2019
TJ Leaf,0,0,0,0,0,0,0,0,0,0,0,0,0,0,0,0:58,0,0,0,0,17-Oct-18,5,16,23,19,25,27,29,20,35,111,83,"Brothers""""","Taylor""""",Van,INDIANA,MEM,IND,0,2019
Doug McDermott,1,20,5,0,2,1,1,55.6,9,0,50,2,5,1,12,24:24:00,20,1,0,1,17-Oct-18,5,16,23,19,25,27,29,20,35,111,83,"Brothers""""","Taylor""""",Van,INDIANA,MEM,IND,18.5,2019
Edmond Sumner,0,0,1,0,0,0,0,50,2,0,0,0,1,0,2,3:51,-1,0,0,0,17-Oct-18,5,16,23,19,25,27,29,20,35,111,83,"Brothers""""","Taylor""""",Van,INDIANA,MEM,IND,2,2019
Aaron Holiday,0,50,2,1,1,0,1,50,2,0,0,0,1,0,3,3:58,-1,0,0,0,17-Oct-18,5,16,23,19,25,27,29,20,35,111,83,"Brothers""""","Taylor""""",Van,INDIANA,MEM,IND,4,2019
Kyle OQuinn,2,0,0,0,2,3,0,0,0,1,100,2,0,2,2,3:58,-1,3,0,0,17-Oct-18,5,16,23,19,25,27,29,20,35,111,83,"Brothers""""","Taylor""""",Van,INDIANA,MEM,IND,7.5,2019
Rodney McGruder,2,40,5,1,3,3,2,22.2,9,0,66.7,3,2,3,8,31:30:00,4,3,1,0,17-Oct-18,6,31,20,27,23,25,29,25,25,104,101,"Washington""""","Boland""""",Acosta,ORLANDO,MIA,ORL,19.5,2019
Derrick Jones,0,50,2,2,6,2,1,40,5,1,0,0,2,1,5,17:13,4,2,0,0,17-Oct-18,6,31,20,27,23,25,29,25,25,104,101,"Washington""""","Boland""""",Acosta,ORLANDO,MIA,ORL,10,2019
Hassan Whiteside,0,0,1,1,2,18,0,40,15,4,0,1,6,14,12,33:35:00,4,0,2,1,17-Oct-18,6,31,20,27,23,25,29,25,25,104,101,"Washington""""","Boland""""",Acosta,ORLANDO,MIA,ORL,38,2019
Josh Richardson,3,20,10,3,3,5,2,38.1,21,1,100,3,8,4,21,37:35:00,-5,3,1,1,17-Oct-18,6,31,20,27,23,25,29,25,25,104,101,"Washington""""","Boland""""",Acosta,ORLANDO,MIA,ORL,34.5,2019
Goran Dragic,5,42.9,7,3,5,4,3,64.3,14,0,71.4,7,9,4,26,32:55:00,20,4,1,0,17-Oct-18,6,31,20,27,23,25,29,25,25,104,101,"Washington""""","Boland""""",Acosta,ORLANDO,MIA,ORL,37,2019
Dwyane Wade,3,0,1,4,2,11,0,23.1,13,5,75,4,3,6,9,26:02:00,-7,2,0,0,17-Oct-18,6,31,20,27,23,25,29,25,25,104,101,"Washington""""","Boland""""",Acosta,ORLANDO,MIA,ORL,16,2019
Tyler Johnson,0,33.3,3,0,1,0,1,42.9,7,0,0,0,3,0,7,23:46,-13,0,0,1,17-Oct-18,6,31,20,27,23,25,29,25,25,104,101,"Washington""""","Boland""""",Acosta,ORLANDO,MIA,ORL,12,2019
Bam Adebayo,1,0,1,1,3,8,0,44.4,9,2,50,2,4,6,9,21:59,-6,2,0,1,17-Oct-18,6,31,20,27,23,25,29,25,25,104,101,"Washington""""","Boland""""",Acosta,ORLANDO,MIA,ORL,21,2019
Kelly Olynyk,2,0,3,1,3,1,0,25,4,1,100,2,1,0,4,15:25,-16,0,0,0,17-Oct-18,6,31,20,27,23,25,29,25,25,104,101,"Washington""""","Boland""""",Acosta,ORLANDO,MIA,ORL,2,2019
Wayne Ellington,NA,NA,NA,NA,NA,NA,NA,DECISION,COACH'S,NA,NA,NA,,NA,NA,DNP,NA,NA,NA,NA,17-Oct-18,6,31,20,27,23,25,29,25,25,104,101,"Washington""""","Boland""""",Acosta,ORLANDO,MIA,ORL,NA,2019
Udonis Haslem,NA,NA,NA,NA,NA,NA,NA,DECISION,COACH'S,NA,NA,NA,,NA,NA,DNP,NA,NA,NA,NA,17-Oct-18,6,31,20,27,23,25,29,25,25,104,101,"Washington""""","Boland""""",Acosta,ORLANDO,MIA,ORL,NA,2019
Yante Maten,NA,NA,NA,NA,NA,NA,NA,DECISION,COACH'S,NA,NA,NA,,NA,NA,DNP,NA,NA,NA,NA,17-Oct-18,6,31,20,27,23,25,29,25,25,104,101,"Washington""""","Boland""""",Acosta,ORLANDO,MIA,ORL,NA,2019
Duncan Robinson,NA,NA,NA,NA,NA,NA,NA,DECISION,COACH'S,NA,NA,NA,,NA,NA,DNP,NA,NA,NA,NA,17-Oct-18,6,31,20,27,23,25,29,25,25,104,101,"Washington""""","Boland""""",Acosta,ORLANDO,MIA,ORL,NA,2019
Jonathan Isaac,1,100,1,1,4,6,1,50,4,2,50,2,2,4,6,18:09,-7,1,0,0,17-Oct-18,6,31,20,27,23,25,29,25,25,104,101,"Washington""""","Boland""""",Acosta,ORLANDO,MIA,ORL,13.5,2019
Aaron Gordon,4,80,5,4,3,16,4,50,18,4,66.7,6,9,12,26,38:18:00,9,2,0,0,17-Oct-18,6,31,20,27,23,25,29,25,25,104,101,"Washington""""","Boland""""",Acosta,ORLANDO,MIA,ORL,45,2019
Nikola Vucevic,4,0,0,4,2,8,0,33.3,12,2,80,5,4,6,12,28:06:00,-17,4,0,1,17-Oct-18,6,31,20,27,23,25,29,25,25,104,101,"Washington""""","Boland""""",Acosta,ORLANDO,MIA,ORL,21,2019
Evan Fournier,3,0,5,1,4,2,0,33.3,15,0,50,6,5,2,13,23:32,-14,5,0,1,17-Oct-18,6,31,20,27,23,25,29,25,25,104,101,"Washington""""","Boland""""",Acosta,ORLANDO,MIA,ORL,21.5,2019
DJ Augustin,2,50,2,0,1,1,1,40,10,0,100,2,4,1,11,22:16,-8,2,0,1,17-Oct-18,6,31,20,27,23,25,29,25,25,104,101,"Washington""""","Boland""""",Acosta,ORLANDO,MIA,ORL,18,2019
Mohamed Bamba,0,50,2,0,1,7,1,75,8,4,0,2,6,3,13,24:59:00,13,0,2,0,17-Oct-18,6,31,20,27,23,25,29,25,25,104,101,"Washington""""","Boland""""",Acosta,ORLANDO,MIA,ORL,28,2019
Terrence Ross,0,0,4,1,4,4,0,22.2,9,0,0,0,2,4,4,25:32:00,16,4,4,2,17-Oct-18,6,31,20,27,23,25,29,25,25,104,101,"Washington""""","Boland""""",Acosta,ORLANDO,MIA,ORL,31,2019
Jonathon Simmons,4,0,4,0,4,5,0,36.4,11,2,66.7,6,4,3,12,33:27:00,12,1,1,0,17-Oct-18,6,31,20,27,23,25,29,25,25,104,101,"Washington""""","Boland""""",Acosta,ORLANDO,MIA,ORL,17.5,2019
Jerian Grant,1,0,2,1,2,2,0,42.9,7,0,50,2,3,2,7,25:42:00,11,1,0,2,17-Oct-18,6,31,20,27,23,25,29,25,25,104,101,"Washington""""","Boland""""",Acosta,ORLANDO,MIA,ORL,14.5,2019
Khem Birch,NA,NA,NA,NA,NA,NA,NA,DECISION,COACH'S,NA,NA,NA,,NA,NA,DNP,NA,NA,NA,NA,17-Oct-18,6,31,20,27,23,25,29,25,25,104,101,"Washington""""","Boland""""",Acosta,ORLANDO,MIA,ORL,NA,2019
Isaiah Briscoe,NA,NA,NA,NA,NA,NA,NA,DECISION,COACH'S,NA,NA,NA,,NA,NA,DNP,NA,NA,NA,NA,17-Oct-18,6,31,20,27,23,25,29,25,25,104,101,"Washington""""","Boland""""",Acosta,ORLANDO,MIA,ORL,NA,2019
Wes Iwundu,NA,NA,NA,NA,NA,NA,NA,DECISION,COACH'S,NA,NA,NA,,NA,NA,DNP,NA,NA,NA,NA,17-Oct-18,6,31,20,27,23,25,29,25,25,104,101,"Washington""""","Boland""""",Acosta,ORLANDO,MIA,ORL,NA,2019
Jarell Martin,NA,NA,NA,NA,NA,NA,NA,DECISION,COACH'S,NA,NA,NA,,NA,NA,DNP,NA,NA,NA,NA,17-Oct-18,6,31,20,27,23,25,29,25,25,104,101,"Washington""""","Boland""""",Acosta,ORLANDO,MIA,ORL,NA,2019
Vince Carter,2,33.3,6,2,5,2,2,44.4,9,0,100,2,4,2,12,23:58,7,0,0,0,17-Oct-18,7,24,25,35,23,23,49,34,20,126,107,"Garretson""""","Goble""""",Kogut,NEW,ATL,NYK,14,2019
Taurean Prince,4,42.9,7,6,4,6,3,46.7,15,0,100,4,7,6,21,32:19:00,-23,6,0,0,17-Oct-18,7,24,25,35,23,23,49,34,20,126,107,"Garretson""""","Goble""""",Kogut,NEW,ATL,NYK,32,2019
Alex Len,1,0,2,3,4,4,0,50,6,2,50,2,3,2,7,21:27,-14,2,1,0,17-Oct-18,7,24,25,35,23,23,49,34,20,126,107,"Garretson""""","Goble""""",Kogut,NEW,ATL,NYK,13,2019
Kent Bazemore,0,33.3,6,2,3,6,2,50,12,2,0,0,6,4,14,30:16:00,0,0,1,2,17-Oct-18,7,24,25,35,23,23,49,34,20,126,107,"Garretson""""","Goble""""",Kogut,NEW,ATL,NYK,31,2019
Trae Young,3,20,5,4,4,6,1,35.7,14,0,75,4,5,6,14,33:08:00,-20,5,0,0,17-Oct-18,7,24,25,35,23,23,49,34,20,126,107,"Garretson""""","Goble""""",Kogut,NEW,ATL,NYK,22.5,2019
Alex Poythress,0,33.3,3,3,4,2,1,50,8,1,0,1,4,1,9,20:43,-21,0,0,1,17-Oct-18,7,24,25,35,23,23,49,34,20,126,107,"Garretson""""","Goble""""",Kogut,NEW,ATL,NYK,13,2019
Jeremy Lin,2,0,2,2,0,5,0,50,6,0,100,2,3,5,8,13:42,-5,1,0,1,17-Oct-18,7,24,25,35,23,23,49,34,20,126,107,"Garretson""""","Goble""""",Kogut,NEW,ATL,NYK,13.5,2019
DeAndre Bembry,0,0,0,2,1,4,0,25,4,0,0,0,1,4,2,23:19,-12,4,0,2,17-Oct-18,7,24,25,35,23,23,49,34,20,126,107,"Garretson""""","Goble""""",Kogut,NEW,ATL,NYK,16,2019
Miles Plumlee,3,0,0,0,2,0,0,100,2,0,100,3,2,0,7,9:22,-5,0,0,0,17-Oct-18,7,24,25,35,23,23,49,34,20,126,107,"Garretson""""","Goble""""",Kogut,NEW,ATL,NYK,4,2019
Tyler Dorsey,0,0,2,0,2,3,0,37.5,8,0,0,0,3,3,6,14:36,-12,0,0,0,17-Oct-18,7,24,25,35,23,23,49,34,20,126,107,"Garretson""""","Goble""""",Kogut,NEW,ATL,NYK,9,2019
Omari Spellman,0,50,2,0,1,3,1,75,4,1,0,0,3,2,7,8:19,2,0,1,1,17-Oct-18,7,24,25,35,23,23,49,34,20,126,107,"Garretson""""","Goble""""",Kogut,NEW,ATL,NYK,18,2019
Kevin Huerter,0,0,0,0,0,3,0,0,1,1,0,0,0,2,0,4:35,4,0,0,0,17-Oct-18,7,24,25,35,23,23,49,34,20,126,107,"Garretson""""","Goble""""",Kogut,NEW,ATL,NYK,3,2019
Jaylen Adams,0,0,1,0,0,1,0,0,1,0,0,0,0,1,0,4:17,4,1,0,0,17-Oct-18,7,24,25,35,23,23,49,34,20,126,107,"Garretson""""","Goble""""",Kogut,NEW,ATL,NYK,2.5,2019
Frank Ntilikina,0,50,2,1,1,5,1,28.6,7,0,0,0,2,5,5,33:38:00,-2,1,1,3,17-Oct-18,7,24,25,35,23,23,49,34,20,126,107,"Garretson""""","Goble""""",Kogut,NEW,ATL,NYK,24.5,2019
Lance Thomas,0,100,1,1,4,0,1,50,2,0,0,0,1,0,3,15:30,13,0,1,0,17-Oct-18,7,24,25,35,23,23,49,34,20,126,107,"Garretson""""","Goble""""",Kogut,NEW,ATL,NYK,7,2019
Enes Kanter,6,0,0,1,2,11,0,55.6,9,3,85.7,7,5,8,16,27:12:00,7,3,1,1,17-Oct-18,7,24,25,35,23,23,49,34,20,126,107,"Garretson""""","Goble""""",Kogut,NEW,ATL,NYK,30.5,2019
Trey Burke,1,66.7,3,2,2,3,2,54.5,11,1,50,2,6,2,15,20:34,14,4,0,0,17-Oct-18,7,24,25,35,23,23,49,34,20,126,107,"Garretson""""","Goble""""",Kogut,NEW,ATL,NYK,25,2019
Tim Hardaway,8,33.3,9,0,2,6,3,45.5,22,1,100,8,10,5,31,28:51:00,14,5,0,2,17-Oct-18,7,24,25,35,23,23,49,34,20,126,107,"Garretson""""","Goble""""",Kogut,NEW,ATL,NYK,48.5,2019
Kevin Knox,1,20,5,2,2,0,1,25,16,0,33.3,3,4,0,10,23:38,1,0,1,2,17-Oct-18,7,24,25,35,23,23,49,34,20,126,107,"Garretson""""","Goble""""",Kogut,NEW,ATL,NYK,18,2019
Ron Baker,2,0,3,2,4,4,0,0,3,0,100,2,0,4,2,27:26:00,5,4,0,1,17-Oct-18,7,24,25,35,23,23,49,34,20,126,107,"Garretson""""","Goble""""",Kogut,NEW,ATL,NYK,11,2019
Mitchell Robinson,0,0,0,0,0,0,0,100,1,0,0,0,1,0,2,1:18,-2,0,0,0,17-Oct-18,7,24,25,35,23,23,49,34,20,126,107,"Garretson""""","Goble""""",Kogut,NEW,ATL,NYK,2,2019
Allonzo Trier,4,33.3,3,3,0,4,1,55.6,9,0,100,4,5,4,15,26:17:00,9,0,2,0,17-Oct-18,7,24,25,35,23,23,49,34,20,126,107,"Garretson""""","Goble""""",Kogut,NEW,ATL,NYK,20,2019
Noah Vonleh,2,0,0,0,1,10,0,100,5,5,50,4,5,5,12,16:22,22,3,0,0,17-Oct-18,7,24,25,35,23,23,49,34,20,126,107,"Garretson""""","Goble""""",Kogut,NEW,ATL,NYK,24.5,2019
Mario Hezonja,0,42.9,7,3,5,3,3,42.9,14,0,0,1,6,3,15,19:14,14,1,0,3,17-Oct-18,7,24,25,35,23,23,49,34,20,126,107,"Garretson""""","Goble""""",Kogut,NEW,ATL,NYK,31.5,2019
Damyean Dotson,NA,NA,NA,NA,NA,NA,NA,DECISION,COACH'S,NA,NA,NA,,NA,NA,DNP,NA,NA,NA,NA,17-Oct-18,7,24,25,35,23,23,49,34,20,126,107,"Garretson""""","Goble""""",Kogut,NEW,ATL,NYK,NA,2019
Courtney Lee,NA,NA,NA,NA,NA,NA,NA,DECISION,COACH'S,NA,NA,NA,,NA,NA,DNP,NA,NA,NA,NA,17-Oct-18,7,24,25,35,23,23,49,34,20,126,107,"Garretson""""","Goble""""",Kogut,NEW,ATL,NYK,NA,2019
Cedi Osman,5,100,2,3,1,10,2,50,10,3,83.3,6,5,7,17,33:05:00,-21,4,0,2,17-Oct-18,8,25,22,28,29,28,32,30,26,116,104,"Ayotte""""","Fitzgerald""""",Nansel,TORONTO,CLE,TOR,35,2019
Kevin Love,10,25,4,3,5,7,1,27.8,18,2,71.4,14,5,5,21,34:05:00,-3,2,0,0,17-Oct-18,8,25,22,28,29,28,32,30,26,116,104,"Ayotte""""","Fitzgerald""""",Nansel,TORONTO,CLE,TOR,20,2019
Tristan Thompson,1,0,0,4,2,13,0,20,5,5,50,2,1,8,3,27:05:00,-20,1,0,0,17-Oct-18,8,25,22,28,29,28,32,30,26,116,104,"Ayotte""""","Fitzgerald""""",Nansel,TORONTO,CLE,TOR,12.5,2019
Rodney Hood,2,0,2,0,3,2,0,38.5,13,1,100,2,5,1,12,26:18:00,-12,1,0,1,17-Oct-18,8,25,22,28,29,28,32,30,26,116,104,"Ayotte""""","Fitzgerald""""",Nansel,TORONTO,CLE,TOR,16.5,2019
George Hill,3,66.7,3,1,3,2,2,45.5,11,1,75,4,5,1,15,31:26:00,-10,7,0,0,17-Oct-18,8,25,22,28,29,28,32,30,26,116,104,"Ayotte""""","Fitzgerald""""",Nansel,TORONTO,CLE,TOR,27.5,2019
Ante Zizic,1,0,0,0,2,3,0,100,2,0,50,2,2,3,5,14:24,11,2,0,0,17-Oct-18,8,25,22,28,29,28,32,30,26,116,104,"Ayotte""""","Fitzgerald""""",Nansel,TORONTO,CLE,TOR,10,2019
Kyle Korver,0,50,2,0,1,0,1,50,2,0,0,0,1,0,3,14:01,13,0,0,0,17-Oct-18,8,25,22,28,29,28,32,30,26,116,104,"Ayotte""""","Fitzgerald""""",Nansel,TORONTO,CLE,TOR,5,2019
Collin Sexton,5,0,1,4,4,3,0,28.6,7,1,100,5,2,2,9,17:43,0,0,0,0,17-Oct-18,8,25,22,28,29,28,32,30,26,116,104,"Ayotte""""","Fitzgerald""""",Nansel,TORONTO,CLE,TOR,3,2019
Sam Dekker,2,0,1,1,1,6,0,50,2,1,50,4,1,5,4,16:16,-10,0,0,1,17-Oct-18,8,25,22,28,29,28,32,30,26,116,104,"Ayotte""""","Fitzgerald""""",Nansel,TORONTO,CLE,TOR,10,2019
Jordan Clarkson,0,25,4,0,3,3,1,46.7,15,0,0,0,7,3,15,23:09,-8,0,0,0,17-Oct-18,8,25,22,28,29,28,32,30,26,116,104,"Ayotte""""","Fitzgerald""""",Nansel,TORONTO,CLE,TOR,20,2019
David Nwaba,0,0,0,0,0,0,0,0,0,0,0,0,0,0,0,1:43,-1,0,0,0,17-Oct-18,8,25,22,28,29,28,32,30,26,116,104,"Ayotte""""","Fitzgerald""""",Nansel,TORONTO,CLE,TOR,0,2019
John Holland,0,0,0,0,0,0,0,0,0,0,0,0,0,0,0,0:44,1,0,0,0,17-Oct-18,8,25,22,28,29,28,32,30,26,116,104,"Ayotte""""","Fitzgerald""""",Nansel,TORONTO,CLE,TOR,0,2019
Channing Frye,NA,NA,NA,NA,NA,NA,NA,DECISION,COACH'S,NA,NA,NA,,NA,NA,DNP,NA,NA,NA,NA,17-Oct-18,8,25,22,28,29,28,32,30,26,116,104,"Ayotte""""","Fitzgerald""""",Nansel,TORONTO,CLE,TOR,NA,2019
Kawhi Leonard,5,33.3,3,2,3,12,1,40.9,22,1,83.3,6,9,11,24,37:15:00,13,2,0,0,17-Oct-18,8,25,22,28,29,28,32,30,26,116,104,"Ayotte""""","Fitzgerald""""",Nansel,TORONTO,CLE,TOR,34,2019
Pascal Siakam,0,100,1,0,2,2,1,75,8,0,0,0,6,2,13,19:57,11,2,1,0,17-Oct-18,8,25,22,28,29,28,32,30,26,116,104,"Ayotte""""","Fitzgerald""""",Nansel,TORONTO,CLE,TOR,23,2019
Jonas Valanciunas,0,0,2,0,2,12,0,37.5,8,2,0,0,3,10,6,20:24,13,3,0,0,17-Oct-18,8,25,22,28,29,28,32,30,26,116,104,"Ayotte""""","Fitzgerald""""",Nansel,TORONTO,CLE,TOR,22.5,2019
Danny Green,0,42.9,7,0,3,5,3,44.4,9,1,0,0,4,4,11,32:46:00,15,0,2,2,17-Oct-18,8,25,22,28,29,28,32,30,26,116,104,"Ayotte""""","Fitzgerald""""",Nansel,TORONTO,CLE,TOR,34,2019
Kyle Lowry,2,83.3,6,3,1,1,5,83.3,12,0,66.7,3,10,1,27,35:35:00,12,8,1,1,17-Oct-18,8,25,22,28,29,28,32,30,26,116,104,"Ayotte""""","Fitzgerald""""",Nansel,TORONTO,CLE,TOR,51,2019
OG Anunoby,0,0,1,1,1,0,0,66.7,3,0,0,0,2,0,4,17:31,-2,0,0,1,17-Oct-18,8,25,22,28,29,28,32,30,26,116,104,"Ayotte""""","Fitzgerald""""",Nansel,TORONTO,CLE,TOR,6,2019
Serge Ibaka,4,33.3,3,2,6,7,1,20,10,4,66.7,6,2,3,9,27:10:00,-1,1,3,2,17-Oct-18,8,25,22,28,29,28,32,30,26,116,104,"Ayotte""""","Fitzgerald""""",Nansel,TORONTO,CLE,TOR,28.5,2019
Fred VanVleet,1,20,5,1,4,2,1,42.9,14,0,33.3,3,6,2,14,25:24:00,-4,5,0,0,17-Oct-18,8,25,22,28,29,28,32,30,26,116,104,"Ayotte""""","Fitzgerald""""",Nansel,TORONTO,CLE,TOR,23.5,2019
Norman Powell,0,50,2,0,4,0,1,66.7,3,0,0,0,2,0,5,12:25,0,0,0,0,17-Oct-18,8,25,22,28,29,28,32,30,26,116,104,"Ayotte""""","Fitzgerald""""",Nansel,TORONTO,CLE,TOR,7,2019
CJ Miles,0,33.3,3,0,3,1,1,33.3,3,0,0,2,1,1,3,10:23,4,0,0,0,17-Oct-18,8,25,22,28,29,28,32,30,26,116,104,"Ayotte""""","Fitzgerald""""",Nansel,TORONTO,CLE,TOR,6,2019
Lorenzo Brown,0,0,0,0,0,1,0,0,0,0,0,0,0,1,0,0:44,-1,0,0,0,17-Oct-18,8,25,22,28,29,28,32,30,26,116,104,"Ayotte""""","Fitzgerald""""",Nansel,TORONTO,CLE,TOR,1,2019
Malachi Richardson,0,0,0,0,0,0,0,0,0,0,0,0,0,0,0,0:26,0,0,0,0,17-Oct-18,8,25,22,28,29,28,32,30,26,116,104,"Ayotte""""","Fitzgerald""""",Nansel,TORONTO,CLE,TOR,0,2019
Greg Monroe,NA,NA,NA,NA,NA,NA,NA,DECISION,COACH'S,NA,NA,NA,,NA,NA,DNP,NA,NA,NA,NA,17-Oct-18,8,25,22,28,29,28,32,30,26,116,104,"Ayotte""""","Fitzgerald""""",Nansel,TORONTO,CLE,TOR,NA,2019
ETwaun Moore,4,33.3,3,2,5,3,1,66.7,12,2,100,4,8,1,21,33:44:00,30,2,0,1,17-Oct-18,9,35,36,30,30,29,25,30,28,112,131,"Lewis""""","Blair""""",Cutler,NEW,NOP,HOU,26,2019
Nikola Mirotic,2,75,8,1,1,10,6,55,20,7,66.7,3,11,3,30,29:54:00,14,3,0,0,17-Oct-18,9,35,36,30,30,29,25,30,28,112,131,"Lewis""""","Blair""""",Cutler,NEW,NOP,HOU,53.5,2019
Anthony Davis,6,0,0,1,5,16,0,61.9,21,2,85.7,7,13,14,32,39:08:00,23,8,3,3,17-Oct-18,9,35,36,30,30,29,25,30,28,112,131,"Lewis""""","Blair""""",Cutler,NEW,NOP,HOU,71,2019
Elfrid Payton,0,0,2,1,3,10,0,38.5,13,1,0,2,5,9,10,36:52:00,23,10,0,1,17-Oct-18,9,35,36,30,30,29,25,30,28,112,131,"Lewis""""","Blair""""",Cutler,NEW,NOP,HOU,37,2019
Jrue Holiday,0,0,6,3,3,3,0,41.7,12,0,0,0,5,3,10,38:16:00,26,8,0,2,17-Oct-18,9,35,36,30,30,29,25,30,28,112,131,"Lewis""""","Blair""""",Cutler,NEW,NOP,HOU,28,2019
Julius Randle,5,50,4,0,4,8,2,60,15,2,83.3,6,9,6,25,23:49,5,3,0,0,17-Oct-18,9,35,36,30,30,29,25,30,28,112,131,"Lewis""""","Blair""""",Cutler,NEW,NOP,HOU,36.5,2019
Darius Miller,0,0,1,2,2,0,0,0,2,0,0,0,0,0,0,19:56,-5,1,0,1,17-Oct-18,9,35,36,30,30,29,25,30,28,112,131,"Lewis""""","Blair""""",Cutler,NEW,NOP,HOU,2.5,2019
Solomon Hill,0,100,1,0,2,2,1,33.3,3,0,0,0,1,2,3,12:02,-13,1,0,0,17-Oct-18,9,35,36,30,30,29,25,30,28,112,131,"Lewis""""","Blair""""",Cutler,NEW,NOP,HOU,8.5,2019
Kenrich Williams,0,0,0,0,0,0,0,0,0,0,0,0,0,0,0,1:35,-2,0,0,0,17-Oct-18,9,35,36,30,30,29,25,30,28,112,131,"Lewis""""","Blair""""",Cutler,NEW,NOP,HOU,0,2019
Frank Jackson,0,0,0,0,0,0,0,0,0,0,0,0,0,0,0,1:35,-2,0,0,0,17-Oct-18,9,35,36,30,30,29,25,30,28,112,131,"Lewis""""","Blair""""",Cutler,NEW,NOP,HOU,0,2019
Jahlil Okafor,0,0,0,2,0,0,0,0,0,0,0,0,0,0,0,1:35,-2,0,0,0,17-Oct-18,9,35,36,30,30,29,25,30,28,112,131,"Lewis""""","Blair""""",Cutler,NEW,NOP,HOU,-2,2019
Cheick Diallo,0,0,0,0,0,2,0,0,0,0,0,0,0,2,0,1:35,-2,0,0,0,17-Oct-18,9,35,36,30,30,29,25,30,28,112,131,"Lewis""""","Blair""""",Cutler,NEW,NOP,HOU,2,2019
Ian Clark,NA,NA,NA,NA,NA,NA,NA,DECISION,COACH'S,NA,NA,NA,,NA,NA,DNP,NA,NA,NA,NA,17-Oct-18,9,35,36,30,30,29,25,30,28,112,131,"Lewis""""","Blair""""",Cutler,NEW,NOP,HOU,NA,2019
James Ennis,0,40,5,0,4,1,2,42.9,7,1,0,0,3,0,8,24:43:00,-5,0,0,1,17-Oct-18,9,35,36,30,30,29,25,30,28,112,131,"Lewis""""","Blair""""",Cutler,NEW,NOP,HOU,16,2019
PJ Tucker,3,57.1,7,0,2,2,4,54.5,11,0,75,4,6,2,19,34:19:00,-13,1,1,1,17-Oct-18,9,35,36,30,30,29,25,30,28,112,131,"Lewis""""","Blair""""",Cutler,NEW,NOP,HOU,33.5,2019
Clint Capela,0,0,0,1,3,8,0,44.4,9,3,0,0,4,5,8,26:11:00,-14,1,1,0,17-Oct-18,9,35,36,30,30,29,25,30,28,112,131,"Lewis""""","Blair""""",Cutler,NEW,NOP,HOU,19.5,2019
James Harden,3,37.5,8,4,2,9,3,40,15,2,75,4,6,7,18,34:43:00,-23,10,1,3,17-Oct-18,9,35,36,30,30,29,25,30,28,112,131,"Lewis""""","Blair""""",Cutler,NEW,NOP,HOU,53,2019
Chris Paul,4,42.9,7,1,3,5,3,50,12,0,80,5,6,5,19,32:21:00,-19,6,0,2,17-Oct-18,9,35,36,30,30,29,25,30,28,112,131,"Lewis""""","Blair""""",Cutler,NEW,NOP,HOU,40,2019
Carmelo Anthony,2,20,5,2,4,4,1,30,10,1,50,4,3,3,9,27:00:00,-20,0,1,0,17-Oct-18,9,35,36,30,30,29,25,30,28,112,131,"Lewis""""","Blair""""",Cutler,NEW,NOP,HOU,14,2019
Eric Gordon,5,22.2,9,0,0,3,2,50,14,0,100,5,7,3,21,29:21:00,-11,1,0,0,17-Oct-18,9,35,36,30,30,29,25,30,28,112,131,"Lewis""""","Blair""""",Cutler,NEW,NOP,HOU,24.5,2019
Michael CarterWilliams,1,33.3,3,3,3,4,1,40,10,1,50,2,4,3,10,17:44,3,2,2,0,17-Oct-18,9,35,36,30,30,29,25,30,28,112,131,"Lewis""""","Blair""""",Cutler,NEW,NOP,HOU,21,2019
Gerald Green,0,0,4,0,1,1,0,0,4,0,0,0,0,1,0,10:28,3,0,1,1,17-Oct-18,9,35,36,30,30,29,25,30,28,112,131,"Lewis""""","Blair""""",Cutler,NEW,NOP,HOU,7,2019
Gary Clark,0,0,0,0,0,0,0,0,0,0,0,0,0,0,0,1:35,2,0,0,0,17-Oct-18,9,35,36,30,30,29,25,30,28,112,131,"Lewis""""","Blair""""",Cutler,NEW,NOP,HOU,0,2019
Isaiah Hartenstein,0,0,0,0,0,0,0,0,0,0,0,0,0,0,0,1:35,2,0,0,0,17-Oct-18,9,35,36,30,30,29,25,30,28,112,131,"Lewis""""","Blair""""",Cutler,NEW,NOP,HOU,0,2019
Andrew Wiggins,2,33.3,6,2,3,6,2,44.4,18,0,100,2,8,6,20,37:27:00,0,3,0,1,17-Oct-18,10,23,29,31,25,31,25,25,31,112,108,"Brown""""","Maddox""""",Ervin,SAN,MIN,SAS,33.5,2019
Taj Gibson,0,0,0,1,5,11,0,75,4,2,0,0,3,9,6,26:57:00,-4,0,0,0,17-Oct-18,10,23,29,31,25,31,25,25,31,112,108,"Brown""""","Maddox""""",Ervin,SAN,MIN,SAS,16,2019
KarlAnthony Towns,3,50,2,3,6,9,1,33.3,6,2,100,3,2,7,8,22:23,-4,3,0,0,17-Oct-18,10,23,29,31,25,31,25,25,31,112,108,"Brown""""","Maddox""""",Ervin,SAN,MIN,SAS,17.5,2019
Jimmy Butler,4,25,4,1,2,7,1,39.1,23,3,80,5,9,4,23,31:36:00,-3,3,1,4,17-Oct-18,10,23,29,31,25,31,25,25,31,112,108,"Brown""""","Maddox""""",Ervin,SAN,MIN,SAS,46.5,2019
Jeff Teague,9,66.7,3,2,2,1,2,66.7,12,0,100,9,8,1,27,31:32:00,-5,4,0,2,17-Oct-18,10,23,29,31,25,31,25,25,31,112,108,"Brown""""","Maddox""""",Ervin,SAN,MIN,SAS,33,2019
Derrick Rose,2,0,2,1,2,4,0,25,12,3,100,2,3,1,8,30:31:00,-1,2,0,0,17-Oct-18,10,23,29,31,25,31,25,25,31,112,108,"Brown""""","Maddox""""",Ervin,SAN,MIN,SAS,12,2019
Gorgui Dieng,4,0,2,0,4,5,0,50,8,3,66.7,6,4,2,12,24:03:00,-1,2,1,2,17-Oct-18,10,23,29,31,25,31,25,25,31,112,108,"Brown""""","Maddox""""",Ervin,SAN,MIN,SAS,25,2019
Tyus Jones,0,0,0,1,2,1,0,28.6,7,1,0,0,2,0,4,16:28,1,1,0,0,17-Oct-18,10,23,29,31,25,31,25,25,31,112,108,"Brown""""","Maddox""""",Ervin,SAN,MIN,SAS,5.5,2019
Anthony Tolliver,0,0,0,0,1,2,0,0,1,0,0,0,0,2,0,19:03,-3,2,0,0,17-Oct-18,10,23,29,31,25,31,25,25,31,112,108,"Brown""""","Maddox""""",Ervin,SAN,MIN,SAS,5,2019
Keita BatesDiop,NA,NA,NA,NA,NA,NA,NA,DECISION,COACH'S,NA,NA,NA,,NA,NA,DNP,NA,NA,NA,NA,17-Oct-18,10,23,29,31,25,31,25,25,31,112,108,"Brown""""","Maddox""""",Ervin,SAN,MIN,SAS,NA,2019
Luol Deng,NA,NA,NA,NA,NA,NA,NA,DECISION,COACH'S,NA,NA,NA,,NA,NA,DNP,NA,NA,NA,NA,17-Oct-18,10,23,29,31,25,31,25,25,31,112,108,"Brown""""","Maddox""""",Ervin,SAN,MIN,SAS,NA,2019
James Nunnally,NA,NA,NA,NA,NA,NA,NA,DECISION,COACH'S,NA,NA,NA,,NA,NA,DNP,NA,NA,NA,NA,17-Oct-18,10,23,29,31,25,31,25,25,31,112,108,"Brown""""","Maddox""""",Ervin,SAN,MIN,SAS,NA,2019
Josh Okogie,NA,NA,NA,NA,NA,NA,NA,DECISION,COACH'S,NA,NA,NA,,NA,NA,DNP,NA,NA,NA,NA,17-Oct-18,10,23,29,31,25,31,25,25,31,112,108,"Brown""""","Maddox""""",Ervin,SAN,MIN,SAS,NA,2019
Rudy Gay,1,100,1,1,3,7,1,66.7,12,3,50,2,8,4,18,23:29,2,0,1,0,17-Oct-18,10,23,29,31,25,31,25,25,31,112,108,"Brown""""","Maddox""""",Ervin,SAN,MIN,SAS,28,2019
LaMarcus Aldridge,7,0,1,2,2,19,0,30.4,23,8,70,10,7,11,21,41:40:00,6,2,3,1,17-Oct-18,10,23,29,31,25,31,25,25,31,112,108,"Brown""""","Maddox""""",Ervin,SAN,MIN,SAS,46,2019
Jakob Poeltl,0,0,0,0,3,4,0,50,4,4,0,0,2,0,4,7:52,2,2,0,0,17-Oct-18,10,23,29,31,25,31,25,25,31,112,108,"Brown""""","Maddox""""",Ervin,SAN,MIN,SAS,11,2019
DeMar DeRozan,7,33.3,3,3,3,4,1,47.6,21,0,63.6,11,10,4,28,38:11:00,7,4,0,0,17-Oct-18,10,23,29,31,25,31,25,25,31,112,108,"Brown""""","Maddox""""",Ervin,SAN,MIN,SAS,30,2019
Bryn Forbes,2,20,5,2,5,3,1,40,10,1,100,2,4,2,11,30:02:00,2,2,0,2,17-Oct-18,10,23,29,31,25,31,25,25,31,112,108,"Brown""""","Maddox""""",Ervin,SAN,MIN,SAS,21,2019
Pau Gasol,2,100,1,1,2,7,1,25,4,3,100,2,1,4,5,22:40,-2,6,0,0,17-Oct-18,10,23,29,31,25,31,25,25,31,112,108,"Brown""""","Maddox""""",Ervin,SAN,MIN,SAS,20,2019
Patty Mills,0,33.3,6,1,2,2,2,28.6,7,0,0,0,2,2,6,29:53:00,1,1,0,0,17-Oct-18,10,23,29,31,25,31,25,25,31,112,108,"Brown""""","Maddox""""",Ervin,SAN,MIN,SAS,12.5,2019
Marco Belinelli,2,50,4,1,1,4,2,50,6,0,100,2,3,4,10,21:47,3,2,0,0,17-Oct-18,10,23,29,31,25,31,25,25,31,112,108,"Brown""""","Maddox""""",Ervin,SAN,MIN,SAS,18,2019
Dante Cunningham,0,0,0,1,1,1,0,0,2,0,0,0,0,1,0,6:36,-4,1,0,0,17-Oct-18,10,23,29,31,25,31,25,25,31,112,108,"Brown""""","Maddox""""",Ervin,SAN,MIN,SAS,1.5,2019
Davis Bertans,0,75,4,0,0,1,3,75,4,0,0,0,3,1,9,17:50,3,2,0,0,17-Oct-18,10,23,29,31,25,31,25,25,31,112,108,"Brown""""","Maddox""""",Ervin,SAN,MIN,SAS,19,2019
Drew Eubanks,NA,NA,NA,NA,NA,NA,NA,DECISION,COACH'S,NA,NA,NA,,NA,NA,DNP,NA,NA,NA,NA,17-Oct-18,10,23,29,31,25,31,25,25,31,112,108,"Brown""""","Maddox""""",Ervin,SAN,MIN,SAS,NA,2019
Chimezie Metu,NA,NA,NA,NA,NA,NA,NA,DECISION,COACH'S,NA,NA,NA,,NA,NA,DNP,NA,NA,NA,NA,17-Oct-18,10,23,29,31,25,31,25,25,31,112,108,"Brown""""","Maddox""""",Ervin,SAN,MIN,SAS,NA,2019
Quincy Pondexter,NA,NA,NA,NA,NA,NA,NA,DECISION,COACH'S,NA,NA,NA,,NA,NA,DNP,NA,NA,NA,NA,17-Oct-18,10,23,29,31,25,31,25,25,31,112,108,"Brown""""","Maddox""""",Ervin,SAN,MIN,SAS,NA,2019
Joe Ingles,0,66.7,6,5,3,1,4,75,12,0,0,0,9,1,22,35:13:00,-6,6,0,4,17-Oct-18,11,30,38,25,30,34,21,32,30,117,123,"Davis""""","Orr""""",Washington,UTAH,UTA,SAC,47,2019
Derrick Favors,4,0,0,2,1,9,0,87.5,8,1,50,8,7,8,18,23:34,7,1,1,0,17-Oct-18,11,30,38,25,30,34,21,32,30,117,123,"Davis""""","Orr""""",Washington,UTAH,UTA,SAC,25.5,2019
Rudy Gobert,5,0,0,2,3,15,0,77.8,9,3,100,5,7,12,19,37:16:00,-9,0,3,0,17-Oct-18,11,30,38,25,30,34,21,32,30,117,123,"Davis""""","Orr""""",Washington,UTAH,UTA,SAC,36,2019
Donovan Mitchell,5,30,10,4,5,3,3,38.1,21,0,83.3,6,8,3,24,36:12:00,-12,2,0,2,17-Oct-18,11,30,38,25,30,34,21,32,30,117,123,"Davis""""","Orr""""",Washington,UTAH,UTA,SAC,33,2019
Ricky Rubio,1,0,0,2,3,2,0,0,4,0,100,1,0,2,1,21:52,-16,4,0,1,17-Oct-18,11,30,38,25,30,34,21,32,30,117,123,"Davis""""","Orr""""",Washington,UTAH,UTA,SAC,9,2019
Jae Crowder,7,50,4,0,2,5,2,40,5,0,77.8,9,2,5,13,33:13:00,17,0,0,0,17-Oct-18,11,30,38,25,30,34,21,32,30,117,123,"Davis""""","Orr""""",Washington,UTAH,UTA,SAC,15,2019
Alec Burks,2,100,3,1,1,3,3,57.1,7,0,100,2,4,3,13,17:59,25,4,0,1,17-Oct-18,11,30,38,25,30,34,21,32,30,117,123,"Davis""""","Orr""""",Washington,UTAH,UTA,SAC,28,2019
Dante Exum,4,33.3,3,1,1,4,1,44.4,9,1,57.1,7,4,3,13,26:07:00,21,4,0,0,17-Oct-18,11,30,38,25,30,34,21,32,30,117,123,"Davis""""","Orr""""",Washington,UTAH,UTA,SAC,20,2019
Royce ONeale,0,0,1,0,0,2,0,0,4,0,0,0,0,2,0,6:36,5,0,0,0,17-Oct-18,11,30,38,25,30,34,21,32,30,117,123,"Davis""""","Orr""""",Washington,UTAH,UTA,SAC,2,2019
Georges Niang,0,0,0,0,0,0,0,0,0,0,0,0,0,0,0,1:59,-2,0,0,0,17-Oct-18,11,30,38,25,30,34,21,32,30,117,123,"Davis""""","Orr""""",Washington,UTAH,UTA,SAC,0,2019
Grayson Allen,NA,NA,NA,NA,NA,NA,NA,DECISION,COACH'S,NA,NA,NA,,NA,NA,DNP,NA,NA,NA,NA,17-Oct-18,11,30,38,25,30,34,21,32,30,117,123,"Davis""""","Orr""""",Washington,UTAH,UTA,SAC,NA,2019
Thabo Sefolosha,NA,NA,NA,NA,NA,NA,NA,NA,SUSPENDED,NA,NA,NA,,NA,NA,NWT,NA,NA,NA,NA,17-Oct-18,11,30,38,25,30,34,21,32,30,117,123,"Davis""""","Orr""""",Washington,UTAH,UTA,SAC,NA,2019
Ekpe Udoh,NA,NA,NA,NA,NA,NA,NA,DECISION,COACH'S,NA,NA,NA,,NA,NA,DNP,NA,NA,NA,NA,17-Oct-18,11,30,38,25,30,34,21,32,30,117,123,"Davis""""","Orr""""",Washington,UTAH,UTA,SAC,NA,2019
Buddy Hield,0,25,4,4,6,6,1,50,18,1,0,1,9,5,19,31:50:00,9,1,1,1,17-Oct-18,11,30,38,25,30,34,21,32,30,117,123,"Davis""""","Orr""""",Washington,UTAH,UTA,SAC,30.5,2019
Nemanja Bjelica,0,100,2,0,2,8,2,66.7,12,1,0,0,8,7,18,27:09:00,12,2,0,1,17-Oct-18,11,30,38,25,30,34,21,32,30,117,123,"Davis""""","Orr""""",Washington,UTAH,UTA,SAC,36,2019
Willie CauleyStein,3,0,0,0,2,7,0,66.7,15,2,50,6,10,5,23,38:25:00,17,4,2,1,17-Oct-18,11,30,38,25,30,34,21,32,30,117,123,"Davis""""","Orr""""",Washington,UTAH,UTA,SAC,42,2019
Yogi Ferrell,4,66.7,3,1,2,1,2,42.9,7,0,100,4,3,1,12,30:18:00,10,1,0,0,17-Oct-18,11,30,38,25,30,34,21,32,30,117,123,"Davis""""","Orr""""",Washington,UTAH,UTA,SAC,13.5,2019
DeAaron Fox,5,0,2,3,5,4,0,50,16,0,71.4,7,8,4,21,37:30:00,19,7,0,3,17-Oct-18,11,30,38,25,30,34,21,32,30,117,123,"Davis""""","Orr""""",Washington,UTAH,UTA,SAC,36.5,2019
Justin Jackson,0,0,4,0,2,2,0,40,10,0,0,0,4,2,8,30:29:00,-19,1,0,2,17-Oct-18,11,30,38,25,30,34,21,32,30,117,123,"Davis""""","Orr""""",Washington,UTAH,UTA,SAC,17.5,2019
Iman Shumpert,0,33.3,3,0,2,3,1,28.6,7,0,0,0,2,3,5,17:34,-29,0,0,0,17-Oct-18,11,30,38,25,30,34,21,32,30,117,123,"Davis""""","Orr""""",Washington,UTAH,UTA,SAC,10,2019
Marvin Bagley,0,0,0,0,2,5,0,50,6,1,0,0,3,4,6,12:07,-14,0,0,0,17-Oct-18,11,30,38,25,30,34,21,32,30,117,123,"Davis""""","Orr""""",Washington,UTAH,UTA,SAC,11,2019
Frank Mason,0,100,1,0,0,0,1,50,2,0,0,0,1,0,3,4:59,-12,0,0,0,17-Oct-18,11,30,38,25,30,34,21,32,30,117,123,"Davis""""","Orr""""",Washington,UTAH,UTA,SAC,5,2019
Harry Giles,0,0,0,1,4,1,0,50,2,0,0,0,1,1,2,9:38,-23,1,0,0,17-Oct-18,11,30,38,25,30,34,21,32,30,117,123,"Davis""""","Orr""""",Washington,UTAH,UTA,SAC,3.5,2019
Wenyen Gabriel,NA,NA,NA,NA,NA,NA,NA,DECISION,COACH'S,NA,NA,NA,,NA,NA,DNP,NA,NA,NA,NA,17-Oct-18,11,30,38,25,30,34,21,32,30,117,123,"Davis""""","Orr""""",Washington,UTAH,UTA,SAC,NA,2019
Skal Labissiere,NA,NA,NA,NA,NA,NA,NA,DECISION,COACH'S,NA,NA,NA,,NA,NA,DNP,NA,NA,NA,NA,17-Oct-18,11,30,38,25,30,34,21,32,30,117,123,"Davis""""","Orr""""",Washington,UTAH,UTA,SAC,NA,2019
Ben McLemore,NA,NA,NA,NA,NA,NA,NA,DECISION,COACH'S,NA,NA,NA,,NA,NA,DNP,NA,NA,NA,NA,17-Oct-18,11,30,38,25,30,34,21,32,30,117,123,"Davis""""","Orr""""",Washington,UTAH,UTA,SAC,NA,2019
Will Barton,4,60,5,2,2,5,3,50,12,0,100,4,6,5,19,34:46:00,10,2,2,0,17-Oct-18,12,29,30,15,33,24,30,18,26,98,107,"Richardson""""","Phillips""""",Twardoski,DENVER,DEN,LAC,33,2019
Paul Millsap,9,0,1,2,2,16,0,14.3,7,3,75,12,1,13,11,30:19:00,20,0,1,1,17-Oct-18,12,29,30,15,33,24,30,18,26,98,107,"Richardson""""","Phillips""""",Twardoski,DENVER,DEN,LAC,22,2019
Nikola Jokic,8,25,4,2,4,8,1,46.2,13,2,80,10,6,6,21,33:31:00,8,5,2,1,17-Oct-18,12,29,30,15,33,24,30,18,26,98,107,"Richardson""""","Phillips""""",Twardoski,DENVER,DEN,LAC,37.5,2019
Gary Harris,8,0,3,0,3,3,0,37.5,16,3,100,8,6,0,20,34:25:00,15,2,0,0,17-Oct-18,12,29,30,15,33,24,30,18,26,98,107,"Richardson""""","Phillips""""",Twardoski,DENVER,DEN,LAC,18,2019
Jamal Murray,0,25,4,1,2,5,1,25,12,2,0,0,3,3,7,31:38:00,18,3,0,1,17-Oct-18,12,29,30,15,33,24,30,18,26,98,107,"Richardson""""","Phillips""""",Twardoski,DENVER,DEN,LAC,20.5,2019
Trey Lyles,4,0,1,1,2,7,0,50,6,0,66.7,6,3,7,10,18:48,-10,0,0,1,17-Oct-18,12,29,30,15,33,24,30,18,26,98,107,"Richardson""""","Phillips""""",Twardoski,DENVER,DEN,LAC,15,2019
Monte Morris,0,50,2,0,0,2,1,33.3,9,1,0,0,3,1,7,16:23,-9,4,0,1,17-Oct-18,12,29,30,15,33,24,30,18,26,98,107,"Richardson""""","Phillips""""",Twardoski,DENVER,DEN,LAC,20,2019
Mason Plumlee,0,0,0,1,5,3,0,33.3,3,1,0,2,1,2,2,13:22,0,2,3,0,17-Oct-18,12,29,30,15,33,24,30,18,26,98,107,"Richardson""""","Phillips""""",Twardoski,DENVER,DEN,LAC,16,2019
Juancho Hernangomez,0,100,1,0,1,6,1,66.7,3,2,0,0,2,4,5,15:03,-8,1,1,1,17-Oct-18,12,29,30,15,33,24,30,18,26,98,107,"Richardson""""","Phillips""""",Twardoski,DENVER,DEN,LAC,20.5,2019
Malik Beasley,0,33.3,3,1,1,1,1,33.3,6,0,0,0,2,1,5,11:45,1,1,0,0,17-Oct-18,12,29,30,15,33,24,30,18,26,98,107,"Richardson""""","Phillips""""",Twardoski,DENVER,DEN,LAC,8.5,2019
Thomas Welsh,0,0,0,0,0,0,0,0,0,0,0,0,0,0,0,0:01,0,0,0,0,17-Oct-18,12,29,30,15,33,24,30,18,26,98,107,"Richardson""""","Phillips""""",Twardoski,DENVER,DEN,LAC,0,2019
Torrey Craig,NA,NA,NA,NA,NA,NA,NA,DECISION,COACH'S,NA,NA,NA,,NA,NA,DNP,NA,NA,NA,NA,17-Oct-18,12,29,30,15,33,24,30,18,26,98,107,"Richardson""""","Phillips""""",Twardoski,DENVER,DEN,LAC,NA,2019
Tyler Lydon,NA,NA,NA,NA,NA,NA,NA,DECISION,COACH'S,NA,NA,NA,,NA,NA,DNP,NA,NA,NA,NA,17-Oct-18,12,29,30,15,33,24,30,18,26,98,107,"Richardson""""","Phillips""""",Twardoski,DENVER,DEN,LAC,NA,2019
Tobias Harris,5,33.3,6,2,4,10,2,46.2,13,1,83.3,6,6,9,19,40:31:00,-5,1,3,0,17-Oct-18,12,29,30,15,33,24,30,18,26,98,107,"Richardson""""","Phillips""""",Twardoski,DENVER,DEN,LAC,36.5,2019
Danilo Gallinari,2,57.1,7,1,6,8,4,35.7,14,2,100,2,5,6,16,33:52:00,9,1,0,0,17-Oct-18,12,29,30,15,33,24,30,18,26,98,107,"Richardson""""","Phillips""""",Twardoski,DENVER,DEN,LAC,30.5,2019
Marcin Gortat,0,0,0,0,3,6,0,60,5,0,0,0,3,6,6,18:10,-5,2,0,0,17-Oct-18,12,29,30,15,33,24,30,18,26,98,107,"Richardson""""","Phillips""""",Twardoski,DENVER,DEN,LAC,15,2019
Avery Bradley,0,0,2,2,2,2,0,40,10,2,0,0,4,0,8,27:57:00,-9,0,2,1,17-Oct-18,12,29,30,15,33,24,30,18,26,98,107,"Richardson""""","Phillips""""",Twardoski,DENVER,DEN,LAC,17,2019
Patrick Beverley,0,0,5,1,5,4,0,0,8,0,0,0,0,4,0,19:31,-9,6,1,0,17-Oct-18,12,29,30,15,33,24,30,18,26,98,107,"Richardson""""","Phillips""""",Twardoski,DENVER,DEN,LAC,15,2019
Montrezl Harrell,2,0,0,0,3,5,0,25,8,1,100,2,2,4,6,16:18,-11,1,2,0,17-Oct-18,12,29,30,15,33,24,30,18,26,98,107,"Richardson""""","Phillips""""",Twardoski,DENVER,DEN,LAC,16.5,2019
Lou Williams,4,33.3,6,1,4,1,2,40,10,0,80,5,4,1,14,24:26:00,-4,5,0,0,17-Oct-18,12,29,30,15,33,24,30,18,26,98,107,"Richardson""""","Phillips""""",Twardoski,DENVER,DEN,LAC,21.5,2019
Shai GilgeousAlexander,1,0,0,3,1,2,0,83.3,6,0,100,1,5,2,11,28:11:00,0,4,1,1,17-Oct-18,12,29,30,15,33,24,30,18,26,98,107,"Richardson""""","Phillips""""",Twardoski,DENVER,DEN,LAC,21,2019
Luc Mbah,0,0,2,0,1,1,0,0,5,1,0,2,0,0,0,9:13,-12,1,0,1,17-Oct-18,12,29,30,15,33,24,30,18,26,98,107,"Richardson""""","Phillips""""",Twardoski,DENVER,DEN,LAC,5.5,2019
Mike Scott,0,0,0,0,0,0,0,0,1,0,0,0,0,0,0,0.166666667,-6,0,0,0,17-Oct-18,12,29,30,15,33,24,30,18,26,98,107,"Richardson""""","Phillips""""",Twardoski,DENVER,DEN,LAC,0,2019
Boban Marjanovic,6,0,0,2,3,8,0,75,8,2,100,6,6,6,18,17:51,7,0,0,0,17-Oct-18,12,29,30,15,33,24,30,18,26,98,107,"Richardson""""","Phillips""""",Twardoski,DENVER,DEN,LAC,18,2019
Jerome Robinson,NA,NA,NA,NA,NA,NA,NA,DECISION,COACH'S,NA,NA,NA,,NA,NA,DNP,NA,NA,NA,NA,17-Oct-18,12,29,30,15,33,24,30,18,26,98,107,"Richardson""""","Phillips""""",Twardoski,DENVER,DEN,LAC,NA,2019
Tyrone Wallace,NA,NA,NA,NA,NA,NA,NA,DECISION,COACH'S,NA,NA,NA,,NA,NA,DNP,NA,NA,NA,NA,17-Oct-18,12,29,30,15,33,24,30,18,26,98,107,"Richardson""""","Phillips""""",Twardoski,DENVER,DEN,LAC,NA,2019
Dorian FinneySmith,2,40,5,0,2,3,2,57.1,7,0,100,2,4,3,12,30:20:00,-16,1,3,0,17-Oct-18,13,24,22,27,27,37,19,27,38,121,100,"Callahan""""","Wood""""",Scott,PHOENIX,DAL,PHX,27.5,2019
Luka Doncic,0,0,5,4,3,8,0,31.3,16,2,0,2,5,6,10,31:47:00,-18,4,0,0,17-Oct-18,13,24,22,27,27,37,19,27,38,121,100,"Callahan""""","Wood""""",Scott,PHOENIX,DAL,PHX,20,2019
DeAndre Jordan,1,0,0,0,5,12,0,55.6,9,4,100,1,5,8,11,30:30:00,-21,1,1,1,17-Oct-18,13,24,22,27,27,37,19,27,38,121,100,"Callahan""""","Wood""""",Scott,PHOENIX,DAL,PHX,29.5,2019
Wesley Matthews,5,28.6,7,2,0,2,2,40,10,1,83.3,6,4,1,15,34:21:00,-15,5,0,1,17-Oct-18,13,24,22,27,27,37,19,27,38,121,100,"Callahan""""","Wood""""",Scott,PHOENIX,DAL,PHX,24.5,2019
Dennis Smith,0,25,4,1,2,2,1,31.6,19,1,0,0,6,1,13,27:54:00,-19,5,0,3,17-Oct-18,13,24,22,27,27,37,19,27,38,121,100,"Callahan""""","Wood""""",Scott,PHOENIX,DAL,PHX,32.5,2019
Devin Harris,0,0,1,0,0,0,0,0,2,0,0,0,0,0,0,6:12,-2,1,0,0,17-Oct-18,13,24,22,27,27,37,19,27,38,121,100,"Callahan""""","Wood""""",Scott,PHOENIX,DAL,PHX,1.5,2019
JJ Barea,2,50,2,1,1,3,1,37.5,8,0,66.7,3,3,3,9,20:39,2,10,0,1,17-Oct-18,13,24,22,27,27,37,19,27,38,121,100,"Callahan""""","Wood""""",Scott,PHOENIX,DAL,PHX,29,2019
Maxi Kleber,0,100,2,1,1,2,2,100,3,0,0,0,3,2,8,16:45,-3,0,0,0,17-Oct-18,13,24,22,27,27,37,19,27,38,121,100,"Callahan""""","Wood""""",Scott,PHOENIX,DAL,PHX,13,2019
Ryan Broekhoff,0,33.3,3,0,0,0,1,33.3,3,0,0,0,1,0,3,3:59,-8,0,0,0,17-Oct-18,13,24,22,27,27,37,19,27,38,121,100,"Callahan""""","Wood""""",Scott,PHOENIX,DAL,PHX,5,2019
Dwight Powell,4,0,1,0,1,5,0,75,8,2,66.7,6,6,3,16,17:30,0,0,1,1,17-Oct-18,13,24,22,27,27,37,19,27,38,121,100,"Callahan""""","Wood""""",Scott,PHOENIX,DAL,PHX,23,2019
Jalen Brunson,0,33.3,3,0,1,1,1,33.3,3,0,0,0,1,1,3,19:07,-3,1,0,0,17-Oct-18,13,24,22,27,27,37,19,27,38,121,100,"Callahan""""","Wood""""",Scott,PHOENIX,DAL,PHX,7.5,2019
Ray Spalding,0,0,0,0,0,0,0,0,0,0,0,0,0,0,0,0:55,-2,0,0,0,17-Oct-18,13,24,22,27,27,37,19,27,38,121,100,"Callahan""""","Wood""""",Scott,PHOENIX,DAL,PHX,0,2019
Salah Mejri,NA,NA,NA,NA,NA,NA,NA,DECISION,COACH'S,NA,NA,NA,,NA,NA,DNP,NA,NA,NA,NA,17-Oct-18,13,24,22,27,27,37,19,27,38,121,100,"Callahan""""","Wood""""",Scott,PHOENIX,DAL,PHX,NA,2019
Trevor Ariza,2,55.6,9,0,2,8,5,58.3,12,0,100,2,7,8,21,37:01:00,25,7,0,1,17-Oct-18,13,24,22,27,27,37,19,27,38,121,100,"Callahan""""","Wood""""",Scott,PHOENIX,DAL,PHX,50.5,2019
Ryan Anderson,0,0,1,1,0,7,0,25,4,3,0,0,1,4,2,24:01:00,22,3,0,0,17-Oct-18,13,24,22,27,27,37,19,27,38,121,100,"Callahan""""","Wood""""",Scott,PHOENIX,DAL,PHX,12.5,2019
Deandre Ayton,2,0,0,0,2,10,0,72.7,11,1,100,2,8,9,18,36:29:00,17,6,1,1,17-Oct-18,13,24,22,27,27,37,19,27,38,121,100,"Callahan""""","Wood""""",Scott,PHOENIX,DAL,PHX,41,2019
Devin Booker,5,60,10,3,4,4,6,63.2,19,0,83.3,6,12,4,35,33:27:00,22,7,0,0,17-Oct-18,13,24,22,27,27,37,19,27,38,121,100,"Callahan""""","Wood""""",Scott,PHOENIX,DAL,PHX,53.5,2019
Isaiah Canaan,0,40,5,1,4,6,2,30,10,0,0,0,3,6,8,33:34:00,7,7,0,0,17-Oct-18,13,24,22,27,27,37,19,27,38,121,100,"Callahan""""","Wood""""",Scott,PHOENIX,DAL,PHX,27.5,2019
TJ Warren,4,75,4,3,3,1,3,41.7,12,1,100,4,5,0,17,23:45,-1,1,0,2,17-Oct-18,13,24,22,27,27,37,19,27,38,121,100,"Callahan""""","Wood""""",Scott,PHOENIX,DAL,PHX,24.5,2019
Josh Jackson,1,75,4,3,1,2,3,63.6,11,0,50,2,7,2,18,28:22:00,10,3,1,0,17-Oct-18,13,24,22,27,27,37,19,27,38,121,100,"Callahan""""","Wood""""",Scott,PHOENIX,DAL,PHX,29.5,2019
Tyson Chandler,0,0,0,0,4,5,0,0,0,0,0,0,0,5,0,11:31,4,0,0,1,17-Oct-18,13,24,22,27,27,37,19,27,38,121,100,"Callahan""""","Wood""""",Scott,PHOENIX,DAL,PHX,8,2019
Elie Okobo,0,0,1,0,2,0,0,50,2,0,0,0,1,0,2,7:31,1,1,0,0,17-Oct-18,13,24,22,27,27,37,19,27,38,121,100,"Callahan""""","Wood""""",Scott,PHOENIX,DAL,PHX,3.5,2019
Troy Daniels,0,0,0,0,0,1,0,0,0,1,0,0,0,0,0,4:08,-2,0,0,0,17-Oct-18,13,24,22,27,27,37,19,27,38,121,100,"Callahan""""","Wood""""",Scott,PHOENIX,DAL,PHX,1,2019
Mikal Bridges,0,0,0,0,0,0,0,0,0,0,0,0,0,0,0,0:12,0,0,0,0,17-Oct-18,13,24,22,27,27,37,19,27,38,121,100,"Callahan""""","Wood""""",Scott,PHOENIX,DAL,PHX,0,2019
Dragan Bender,NA,NA,NA,NA,NA,NA,NA,DECISION,COACH'S,NA,NA,NA,,NA,NA,DNP,NA,NA,NA,NA,17-Oct-18,13,24,22,27,27,37,19,27,38,121,100,"Callahan""""","Wood""""",Scott,PHOENIX,DAL,PHX,NA,2019
Richaun Holmes,NA,NA,NA,NA,NA,NA,NA,DECISION,COACH'S,NA,NA,NA,,NA,NA,DNP,NA,NA,NA,NA,17-Oct-18,13,24,22,27,27,37,19,27,38,121,100,"Callahan""""","Wood""""",Scott,PHOENIX,DAL,PHX,NA,2019
Justin Holiday,0,22.2,9,0,2,4,2,33.3,12,0,0,0,4,4,10,27:23:00,-29,1,0,0,18-Oct-18,14,41,17,18,32,38,27,37,25,127,108,"Mauer""""","Fraher""""",Buchert,PHILADELPHIA,CHI,PHI,19.5,2019
Bobby Portis,1,50,6,0,4,11,3,53.3,15,2,50,2,8,9,20,33:06:00,-3,2,1,1,18-Oct-18,14,41,17,18,32,38,27,37,25,127,108,"Mauer""""","Fraher""""",Buchert,PHILADELPHIA,CHI,PHI,45,2019
Wendell Carter,0,0,0,1,4,3,0,40,10,1,0,0,4,2,8,19:59,-18,3,1,0,18-Oct-18,14,41,17,18,32,38,27,37,25,127,108,"Mauer""""","Fraher""""",Buchert,PHILADELPHIA,CHI,PHI,17.5,2019
Zach LaVine,6,28.6,7,5,5,5,2,57.9,19,0,85.7,7,11,5,30,32:42:00,-10,3,3,0,18-Oct-18,14,41,17,18,32,38,27,37,25,127,108,"Mauer""""","Fraher""""",Buchert,PHILADELPHIA,CHI,PHI,41.5,2019
Cameron Payne,0,0,1,1,1,1,0,0,4,0,0,0,0,1,0,21:34,-18,5,0,1,18-Oct-18,14,41,17,18,32,38,27,37,25,127,108,"Mauer""""","Fraher""""",Buchert,PHILADELPHIA,CHI,PHI,10.5,2019
Antonio Blakeney,2,33.3,3,1,2,5,1,37.5,16,0,66.7,3,6,5,15,30:27:00,6,2,0,0,18-Oct-18,14,41,17,18,32,38,27,37,25,127,108,"Mauer""""","Fraher""""",Buchert,PHILADELPHIA,CHI,PHI,22,2019
Robin Lopez,0,0,0,2,2,1,0,25,4,1,0,0,1,0,2,17:43,-3,3,1,1,18-Oct-18,14,41,17,18,32,38,27,37,25,127,108,"Mauer""""","Fraher""""",Buchert,PHILADELPHIA,CHI,PHI,11.5,2019
Ryan Arcidiacono,0,66.7,3,0,0,4,2,75,4,0,0,0,3,4,8,28:15:00,-5,8,0,0,18-Oct-18,14,41,17,18,32,38,27,37,25,127,108,"Mauer""""","Fraher""""",Buchert,PHILADELPHIA,CHI,PHI,28,2019
Jabari Parker,0,25,4,2,3,5,1,43.8,16,1,0,0,7,4,15,25:13:00,-14,1,0,1,18-Oct-18,14,41,17,18,32,38,27,37,25,127,108,"Mauer""""","Fraher""""",Buchert,PHILADELPHIA,CHI,PHI,24.5,2019
Chandler Hutchison,0,0,0,0,0,0,0,0,1,0,0,0,0,0,0,2:49,-1,0,0,0,18-Oct-18,14,41,17,18,32,38,27,37,25,127,108,"Mauer""""","Fraher""""",Buchert,PHILADELPHIA,CHI,PHI,0,2019
Tyler Ulis,0,0,0,0,0,0,0,0,0,0,0,0,0,0,0,0:50,0,0,0,0,18-Oct-18,14,41,17,18,32,38,27,37,25,127,108,"Mauer""""","Fraher""""",Buchert,PHILADELPHIA,CHI,PHI,0,2019
Rawle Alkins,NA,NA,NA,NA,NA,NA,NA,DECISION,COACH'S,NA,NA,NA,,NA,NA,DNP,NA,NA,NA,NA,18-Oct-18,14,41,17,18,32,38,27,37,25,127,108,"Mauer""""","Fraher""""",Buchert,PHILADELPHIA,CHI,PHI,NA,2019
Robert Covington,4,36.4,11,2,2,5,4,42.9,14,0,100,4,6,5,20,29:08:00,24,2,1,2,18-Oct-18,14,41,17,18,32,38,27,37,25,127,108,"Mauer""""","Fraher""""",Buchert,PHILADELPHIA,CHI,PHI,39,2019
Dario Saric,3,33.3,6,3,2,10,2,33.3,12,4,100,3,4,6,13,28:20:00,9,3,0,1,18-Oct-18,14,41,17,18,32,38,27,37,25,127,108,"Mauer""""","Fraher""""",Buchert,PHILADELPHIA,CHI,PHI,28.5,2019
Joel Embiid,12,0,3,2,4,12,0,64.3,14,1,85.7,14,9,11,30,32:51:00,26,3,4,1,18-Oct-18,14,41,17,18,32,38,27,37,25,127,108,"Mauer""""","Fraher""""",Buchert,PHILADELPHIA,CHI,PHI,47.5,2019
Markelle Fultz,1,33.3,3,1,2,4,1,33.3,15,3,50,2,5,1,12,32:08:00,5,5,0,2,18-Oct-18,14,41,17,18,32,38,27,37,25,127,108,"Mauer""""","Fraher""""",Buchert,PHILADELPHIA,CHI,PHI,29.5,2019
Ben Simmons,3,0,0,3,0,13,0,62.5,8,1,100,3,5,12,13,33:42:00,24,11,2,1,18-Oct-18,14,41,17,18,32,38,27,37,25,127,108,"Mauer""""","Fraher""""",Buchert,PHILADELPHIA,CHI,PHI,45.5,2019
TJ McConnell,2,0,0,0,0,0,0,100,1,0,100,2,1,0,4,4:52,-3,3,0,0,18-Oct-18,14,41,17,18,32,38,27,37,25,127,108,"Mauer""""","Fraher""""",Buchert,PHILADELPHIA,CHI,PHI,6.5,2019
JJ Redick,1,33.3,3,1,1,3,1,36.4,11,1,100,1,4,2,10,24:05:00,17,1,0,1,18-Oct-18,14,41,17,18,32,38,27,37,25,127,108,"Mauer""""","Fraher""""",Buchert,PHILADELPHIA,CHI,PHI,17.5,2019
Amir Johnson,1,0,1,1,4,3,0,66.7,9,1,100,1,6,2,13,15:09,-7,1,0,0,18-Oct-18,14,41,17,18,32,38,27,37,25,127,108,"Mauer""""","Fraher""""",Buchert,PHILADELPHIA,CHI,PHI,15.5,2019
Landry Shamet,0,57.1,7,0,1,4,4,57.1,7,0,0,0,4,4,12,29:11:00,1,1,1,2,18-Oct-18,14,41,17,18,32,38,27,37,25,127,108,"Mauer""""","Fraher""""",Buchert,PHILADELPHIA,CHI,PHI,34.5,2019
Furkan Korkmaz,0,0,1,0,0,1,0,0,1,0,0,0,0,1,0,7:45,-2,0,0,0,18-Oct-18,14,41,17,18,32,38,27,37,25,127,108,"Mauer""""","Fraher""""",Buchert,PHILADELPHIA,CHI,PHI,1,2019
Jonah Bolden,0,0,1,0,1,0,0,0,1,0,0,0,0,0,0,2:49,1,0,0,0,18-Oct-18,14,41,17,18,32,38,27,37,25,127,108,"Mauer""""","Fraher""""",Buchert,PHILADELPHIA,CHI,PHI,0,2019
Demetrius Jackson,NA,NA,NA,NA,NA,NA,NA,DECISION,COACH'S,NA,NA,NA,,NA,NA,DNP,NA,NA,NA,NA,18-Oct-18,14,41,17,18,32,38,27,37,25,127,108,"Mauer""""","Fraher""""",Buchert,PHILADELPHIA,CHI,PHI,NA,2019
Shake Milton,NA,NA,NA,NA,NA,NA,NA,DECISION,COACH'S,NA,NA,NA,,NA,NA,DNP,NA,NA,NA,NA,18-Oct-18,14,41,17,18,32,38,27,37,25,127,108,"Mauer""""","Fraher""""",Buchert,PHILADELPHIA,CHI,PHI,NA,2019
Rodney McGruder,3,42.9,7,2,5,8,3,58.3,12,1,100,3,7,7,20,34:08:00,-1,6,1,0,18-Oct-18,15,24,34,27,28,25,34,30,23,112,113,"Ayotte""""","Wright""""",Smith,MIAMI,MIA,WAS,41,2019
Derrick Jones,6,50,2,0,5,5,1,50,10,4,66.7,9,5,1,17,23:51,-3,0,0,1,18-Oct-18,15,24,34,27,28,25,34,30,23,112,113,"Ayotte""""","Wright""""",Smith,MIAMI,MIA,WAS,21,2019
Hassan Whiteside,3,0,0,2,5,10,0,50,6,4,60,5,3,6,9,28:58:00,-4,0,1,0,18-Oct-18,15,24,34,27,28,25,34,30,23,112,113,"Ayotte""""","Wright""""",Smith,MIAMI,MIA,WAS,17,2019
Josh Richardson,7,45.5,11,2,1,4,5,38.1,21,2,87.5,8,8,2,28,38:25:00,0,5,1,1,18-Oct-18,15,24,34,27,28,25,34,30,23,112,113,"Ayotte""""","Wright""""",Smith,MIAMI,MIA,WAS,46.5,2019
Goran Dragic,1,16.7,6,3,3,6,1,16.7,18,3,100,1,3,3,8,31:14:00,0,8,1,1,18-Oct-18,15,24,34,27,28,25,34,30,23,112,113,"Ayotte""""","Wright""""",Smith,MIAMI,MIA,WAS,30,2019
Dwyane Wade,1,0,2,3,1,8,0,36.4,11,2,50,2,4,6,9,26:25:00,0,4,0,2,18-Oct-18,15,24,34,27,28,25,34,30,23,112,113,"Ayotte""""","Wright""""",Smith,MIAMI,MIA,WAS,25,2019
Bam Adebayo,2,0,0,3,2,9,0,25,4,3,50,4,1,6,4,17:08,4,0,0,0,18-Oct-18,15,24,34,27,28,25,34,30,23,112,113,"Ayotte""""","Wright""""",Smith,MIAMI,MIA,WAS,8,2019
Tyler Johnson,2,20,5,1,2,1,1,33.3,9,1,100,2,3,0,9,24:29:00,9,1,0,1,18-Oct-18,15,24,34,27,28,25,34,30,23,112,113,"Ayotte""""","Wright""""",Smith,MIAMI,MIA,WAS,13.5,2019
Kelly Olynyk,0,50,2,0,2,4,1,66.7,6,2,0,0,4,2,9,15:22,0,1,1,0,18-Oct-18,15,24,34,27,28,25,34,30,23,112,113,"Ayotte""""","Wright""""",Smith,MIAMI,MIA,WAS,19.5,2019
Wayne Ellington,NA,NA,NA,NA,NA,NA,NA,NA,INJURY/ILLNESS,NA,NA,NA,,NA,NA,DNP,NA,NA,NA,NA,18-Oct-18,15,24,34,27,28,25,34,30,23,112,113,"Ayotte""""","Wright""""",Smith,MIAMI,MIA,WAS,NA,2019
Udonis Haslem,NA,NA,NA,NA,NA,NA,NA,DECISION,COACH'S,NA,NA,NA,,NA,NA,DNP,NA,NA,NA,NA,18-Oct-18,15,24,34,27,28,25,34,30,23,112,113,"Ayotte""""","Wright""""",Smith,MIAMI,MIA,WAS,NA,2019
Yante Maten,NA,NA,NA,NA,NA,NA,NA,DECISION,COACH'S,NA,NA,NA,,NA,NA,DNP,NA,NA,NA,NA,18-Oct-18,15,24,34,27,28,25,34,30,23,112,113,"Ayotte""""","Wright""""",Smith,MIAMI,MIA,WAS,NA,2019
Duncan Robinson,NA,NA,NA,NA,NA,NA,NA,DECISION,COACH'S,NA,NA,NA,,NA,NA,DNP,NA,NA,NA,NA,18-Oct-18,15,24,34,27,28,25,34,30,23,112,113,"Ayotte""""","Wright""""",Smith,MIAMI,MIA,WAS,NA,2019
Otto Porter,3,0,0,0,1,11,0,42.9,7,2,75,4,3,9,9,33:37:00,1,0,3,3,18-Oct-18,15,24,34,27,28,25,34,30,23,112,113,"Ayotte""""","Wright""""",Smith,MIAMI,MIA,WAS,35,2019
Markieff Morris,3,66.7,3,3,4,5,2,37.5,8,0,75,4,3,5,11,24:50:00,-1,2,2,0,18-Oct-18,15,24,34,27,28,25,34,30,23,112,113,"Ayotte""""","Wright""""",Smith,MIAMI,MIA,WAS,23,2019
Ian Mahinmi,1,0,0,1,4,1,0,50,2,1,50,2,1,0,3,11:38,3,0,2,1,18-Oct-18,15,24,34,27,28,25,34,30,23,112,113,"Ayotte""""","Wright""""",Smith,MIAMI,MIA,WAS,11,2019
Bradley Beal,4,28.6,7,1,5,1,2,43.8,16,0,66.7,6,7,1,20,27:11:00,-6,2,0,1,18-Oct-18,15,24,34,27,28,25,34,30,23,112,113,"Ayotte""""","Wright""""",Smith,MIAMI,MIA,WAS,26,2019
John Wall,7,16.7,6,3,4,3,1,56.3,16,1,70,10,9,2,26,35:49:00,6,9,3,1,18-Oct-18,15,24,34,27,28,25,34,30,23,112,113,"Ayotte""""","Wright""""",Smith,MIAMI,MIA,WAS,46.5,2019
Kelly Oubre,5,0,3,1,1,6,0,25,8,2,83.3,6,2,4,9,20:15,-3,0,1,0,18-Oct-18,15,24,34,27,28,25,34,30,23,112,113,"Ayotte""""","Wright""""",Smith,MIAMI,MIA,WAS,12,2019
Austin Rivers,1,0,3,0,3,0,0,57.1,7,0,50,2,4,0,9,25:00:00,0,2,1,0,18-Oct-18,15,24,34,27,28,25,34,30,23,112,113,"Ayotte""""","Wright""""",Smith,MIAMI,MIA,WAS,14,2019
Jeff Green,3,50,4,2,3,4,2,50,12,1,100,3,6,3,17,32:30:00,0,1,2,1,18-Oct-18,15,24,34,27,28,25,34,30,23,112,113,"Ayotte""""","Wright""""",Smith,MIAMI,MIA,WAS,30.5,2019
Jason Smith,0,0,0,2,4,6,0,66.7,3,0,0,0,2,6,4,14:53,-5,0,0,0,18-Oct-18,15,24,34,27,28,25,34,30,23,112,113,"Ayotte""""","Wright""""",Smith,MIAMI,MIA,WAS,8,2019
Tomas Satoransky,2,0,0,1,2,3,0,50,2,0,100,2,1,3,4,14:06,0,3,1,0,18-Oct-18,15,24,34,27,28,25,34,30,23,112,113,"Ayotte""""","Wright""""",Smith,MIAMI,MIA,WAS,11.5,2019
Jordan McRae,0,0,0,0,0,0,0,0,0,0,0,0,0,0,0,0:12,0,0,0,0,18-Oct-18,15,24,34,27,28,25,34,30,23,112,113,"Ayotte""""","Wright""""",Smith,MIAMI,MIA,WAS,0,2019
Troy Brown,NA,NA,NA,NA,NA,NA,NA,DECISION,COACH'S,NA,NA,NA,,NA,NA,DNP,NA,NA,NA,NA,18-Oct-18,15,24,34,27,28,25,34,30,23,112,113,"Ayotte""""","Wright""""",Smith,MIAMI,MIA,WAS,NA,2019
Thomas Bryant,NA,NA,NA,NA,NA,NA,NA,DECISION,COACH'S,NA,NA,NA,,NA,NA,DNP,NA,NA,NA,NA,18-Oct-18,15,24,34,27,28,25,34,30,23,112,113,"Ayotte""""","Wright""""",Smith,MIAMI,MIA,WAS,NA,2019
Brandon Ingram,2,0,4,1,0,4,0,46.7,15,1,50,4,7,3,16,27:35:00,4,1,2,2,18-Oct-18,16,31,32,28,28,34,31,28,35,128,119,"Zarba""""","Forte""""",Petraitis,PORTLAND,LAL,POR,30.5,2019
LeBron James,8,0,4,6,3,12,0,56.3,16,2,88.9,9,9,10,26,37:20:00,-4,6,0,1,18-Oct-18,16,31,32,28,28,34,31,28,35,128,119,"Zarba""""","Forte""""",Petraitis,PORTLAND,LAL,POR,36,2019
JaVale McGee,3,0,0,0,3,8,0,83.3,6,3,75,4,5,5,13,21:35,-1,1,3,1,18-Oct-18,16,31,32,28,28,34,31,28,35,128,119,"Zarba""""","Forte""""",Petraitis,PORTLAND,LAL,POR,31.5,2019
Kentavious CaldwellPope,2,100,1,0,1,2,1,33.3,3,0,100,2,1,2,5,27:18:00,8,0,0,0,18-Oct-18,16,31,32,28,28,34,31,28,35,128,119,"Zarba""""","Forte""""",Petraitis,PORTLAND,LAL,POR,7,2019
Rajon Rondo,0,50,2,3,6,4,1,46.2,13,0,0,0,6,4,13,31:45:00,7,11,0,1,18-Oct-18,16,31,32,28,28,34,31,28,35,128,119,"Zarba""""","Forte""""",Petraitis,PORTLAND,LAL,POR,35.5,2019
Kyle Kuzma,4,14.3,7,1,3,5,1,33.3,15,0,80,5,5,5,15,28:54:00,-12,0,0,1,18-Oct-18,16,31,32,28,28,34,31,28,35,128,119,"Zarba""""","Forte""""",Petraitis,PORTLAND,LAL,POR,20,2019
Josh Hart,1,60,5,2,5,4,3,66.7,12,0,33.3,3,8,4,20,27:28:00,-13,1,2,3,18-Oct-18,16,31,32,28,28,34,31,28,35,128,119,"Zarba""""","Forte""""",Petraitis,PORTLAND,LAL,POR,43.5,2019
Lonzo Ball,2,25,4,1,3,4,1,28.6,7,2,100,2,2,2,7,19:28,-15,1,0,1,18-Oct-18,16,31,32,28,28,34,31,28,35,128,119,"Zarba""""","Forte""""",Petraitis,PORTLAND,LAL,POR,14.5,2019
Lance Stephenson,0,0,3,1,2,2,0,33.3,6,0,0,0,2,2,4,16:19,-15,2,0,0,18-Oct-18,16,31,32,28,28,34,31,28,35,128,119,"Zarba""""","Forte""""",Petraitis,PORTLAND,LAL,POR,8,2019
Michael Beasley,0,0,0,0,0,1,0,0,0,0,0,0,0,1,0,2:18,-4,0,0,0,18-Oct-18,16,31,32,28,28,34,31,28,35,128,119,"Zarba""""","Forte""""",Petraitis,PORTLAND,LAL,POR,1,2019
Isaac Bonga,NA,NA,NA,NA,NA,NA,NA,DECISION,COACH'S,NA,NA,NA,,NA,NA,DNP,NA,NA,NA,NA,18-Oct-18,16,31,32,28,28,34,31,28,35,128,119,"Zarba""""","Forte""""",Petraitis,PORTLAND,LAL,POR,NA,2019
Svi Mykhailiuk,NA,NA,NA,NA,NA,NA,NA,DECISION,COACH'S,NA,NA,NA,,NA,NA,DNP,NA,NA,NA,NA,18-Oct-18,16,31,32,28,28,34,31,28,35,128,119,"Zarba""""","Forte""""",Petraitis,PORTLAND,LAL,POR,NA,2019
Ivica Zubac,NA,NA,NA,NA,NA,NA,NA,DECISION,COACH'S,NA,NA,NA,,NA,NA,DNP,NA,NA,NA,NA,18-Oct-18,16,31,32,28,28,34,31,28,35,128,119,"Zarba""""","Forte""""",Petraitis,PORTLAND,LAL,POR,NA,2019
Jake Layman,0,25,4,1,1,2,1,25,4,0,0,0,1,2,3,12:40,-3,0,0,1,18-Oct-18,16,31,32,28,28,34,31,28,35,128,119,"Zarba""""","Forte""""",Petraitis,PORTLAND,LAL,POR,9,2019
AlFarouq Aminu,3,0,6,1,3,6,0,10,10,0,75,4,1,6,5,26:58:00,1,0,0,1,18-Oct-18,16,31,32,28,28,34,31,28,35,128,119,"Zarba""""","Forte""""",Petraitis,PORTLAND,LAL,POR,10,2019
Jusuf Nurkic,2,0,1,2,4,9,0,50,14,6,100,2,7,3,16,17:11,-17,0,0,2,18-Oct-18,16,31,32,28,28,34,31,28,35,128,119,"Zarba""""","Forte""""",Petraitis,PORTLAND,LAL,POR,27,2019
CJ McCollum,6,50,6,2,4,5,3,35.3,17,1,100,6,6,4,21,31:01:00,-9,1,0,0,18-Oct-18,16,31,32,28,28,34,31,28,35,128,119,"Zarba""""","Forte""""",Petraitis,PORTLAND,LAL,POR,25.5,2019
Damian Lillard,8,28.6,7,3,0,6,2,42.9,21,1,100,8,9,5,28,35:24:00,-8,4,1,1,18-Oct-18,16,31,32,28,28,34,31,28,35,128,119,"Zarba""""","Forte""""",Petraitis,PORTLAND,LAL,POR,39,2019
Maurice Harkless,0,50,2,1,3,6,1,60,5,2,0,0,3,4,7,18:26,-4,2,3,0,18-Oct-18,16,31,32,28,28,34,31,28,35,128,119,"Zarba""""","Forte""""",Petraitis,PORTLAND,LAL,POR,26,2019
Evan Turner,3,0,0,3,2,3,0,62.5,8,1,75,4,5,2,13,21:13,17,6,0,2,18-Oct-18,16,31,32,28,28,34,31,28,35,128,119,"Zarba""""","Forte""""",Petraitis,PORTLAND,LAL,POR,25,2019
Zach Collins,0,0,1,1,5,6,0,75,4,1,0,0,3,5,6,26:19:00,24,2,6,0,18-Oct-18,16,31,32,28,28,34,31,28,35,128,119,"Zarba""""","Forte""""",Petraitis,PORTLAND,LAL,POR,32,2019
Seth Curry,0,50,2,1,2,5,1,33.3,6,1,0,0,2,4,5,15:34,18,0,0,0,18-Oct-18,16,31,32,28,28,34,31,28,35,128,119,"Zarba""""","Forte""""",Petraitis,PORTLAND,LAL,POR,11,2019
Meyers Leonard,0,0,0,1,1,4,0,0,0,1,0,0,0,3,0,8:02,8,4,0,1,18-Oct-18,16,31,32,28,28,34,31,28,35,128,119,"Zarba""""","Forte""""",Petraitis,PORTLAND,LAL,POR,12,2019
Nik Stauskas,5,62.5,8,0,1,2,5,63.6,11,0,100,5,7,2,24,27:12:00,18,2,0,1,18-Oct-18,16,31,32,28,28,34,31,28,35,128,119,"Zarba""""","Forte""""",Petraitis,PORTLAND,LAL,POR,37,2019
Wade Baldwin,NA,NA,NA,NA,NA,NA,NA,DECISION,COACH'S,NA,NA,NA,,NA,NA,DNP,NA,NA,NA,NA,18-Oct-18,16,31,32,28,28,34,31,28,35,128,119,"Zarba""""","Forte""""",Petraitis,PORTLAND,LAL,POR,NA,2019
Caleb Swanigan,NA,NA,NA,NA,NA,NA,NA,DECISION,COACH'S,NA,NA,NA,,NA,NA,DNP,NA,NA,NA,NA,18-Oct-18,16,31,32,28,28,34,31,28,35,128,119,"Zarba""""","Forte""""",Petraitis,PORTLAND,LAL,POR,NA,2019
